
RECORDING STARTED
Push robot forward, then release.
Let it oscillate until it settles.

time_ms,pitch,pitchRate,angularAccel,accelPitch
3,-9.973,8.915,4310.969,-10.229
7,-9.919,10.854,437.485,-9.600
12,-9.872,9.030,-416.917,-9.532
16,-9.840,7.083,-441.999,-9.765
21,-9.808,8.709,370.546,-10.142
25,-9.788,6.457,-509.021,-10.171
29,-9.773,4.388,-465.505,-10.036
34,-9.765,5.373,221.787,-10.542
38,-9.765,7.785,545.256,-11.448
42,-9.752,5.740,-462.851,-10.320
47,-9.740,7.449,385.813,-10.779
51,-9.730,5.694,-397.223,-10.477
56,-9.717,5.839,32.666,-10.365
61,-9.705,7.938,478.404,-10.809
65,-9.708,6.541,-317.199,-11.288
69,-9.714,3.060,-785.405,-10.677
74,-9.709,2.747,-70.809,-10.024
78,-9.694,3.717,220.936,-9.773
82,-9.698,1.930,-406.707,-10.305
86,-9.684,4.358,548.707,-9.926
91,-9.661,4.358,0.000,-9.508
96,-9.661,1.129,-762.998,-9.902
100,-9.671,0.701,-97.067,-10.310
104,-9.665,1.511,183.068,-9.692
109,-9.676,1.098,-93.345,-10.463
113,-9.691,0.549,-124.011,-10.511
118,-9.709,-0.062,-136.680,-10.569
122,-9.730,-0.528,-104.406,-10.644
126,-9.761,-1.497,-216.399,-10.991
131,-9.788,0.457,435.427,-11.201
135,-9.818,-0.703,-260.626,-11.130
140,-9.846,-1.352,-145.353,-10.935
145,-9.863,-2.955,-357.505,-10.048
149,-9.893,-1.886,238.763,-10.950
153,-9.909,-0.741,256.275,-10.524
158,-9.928,-0.421,71.693,-10.753
162,-9.940,-2.703,-514.992,-9.958
166,-9.949,0.793,787.429,-10.568
171,-9.953,-3.665,-999.555,-9.348
175,-9.990,-8.367,-1059.074,-9.948
180,-9.987,-3.070,1185.701,-9.190
185,-9.970,-0.238,634.991,-9.061
189,-9.973,-2.948,-611.997,-9.476
194,-9.944,-3.367,-94.221,-7.793
198,-9.940,-3.856,-110.632,-8.916
202,-9.936,-3.031,185.348,-9.080
207,-9.922,-1.505,345.724,-8.936
211,-9.913,-2.535,-232.312,-8.889
215,-9.892,-2.512,5.135,-8.345
219,-9.879,-5.077,-588.276,-8.134
225,-9.858,-6.138,-238.550,-7.512
229,-9.867,-5.329,181.752,-9.145
233,-9.862,-4.543,177.405,-8.641
238,-9.860,-4.596,-12.067,-8.755
242,-9.860,-4.688,-20.800,-8.841
246,-9.827,-2.650,464.064,-7.654
251,-9.835,-9.581,-1566.749,-8.130
255,-9.820,-4.184,1201.457,-8.181
259,-9.811,-7.428,-726.113,-7.736
264,-9.804,-6.719,159.176,-7.975
269,-9.787,-8.390,-376.861,-7.139
274,-9.764,-7.467,207.100,-7.028
278,-9.762,-9.665,-497.392,-7.537
282,-9.767,-9.421,54.770,-7.955
286,-9.731,-5.421,909.918,-6.834
291,-9.711,-7.451,-457.328,-7.069
295,-9.713,-10.207,-617.322,-7.572
300,-9.706,-10.108,22.092,-7.156
304,-9.702,-8.077,458.567,-7.744
308,-9.686,-7.566,115.295,-7.258
314,-9.696,-10.864,-742.728,-7.836
318,-9.697,-6.833,897.269,-8.243
322,-9.688,-7.932,-247.131,-7.499
327,-9.680,-9.780,-415.690,-7.181
331,-9.676,-10.970,-267.484,-7.077
335,-9.679,-9.192,397.725,-7.816
340,-9.678,-10.115,-207.845,-7.435
344,-9.682,-10.024,20.356,-7.649
348,-9.681,-8.932,246.523,-7.712
354,-9.677,-9.566,-142.700,-7.402
358,-9.685,-9.787,-49.859,-7.947
362,-9.683,-8.207,358.800,-7.802
367,-9.703,-9.871,-376.839,-8.576
371,-9.718,-10.848,-219.277,-8.063
375,-9.727,-10.421,95.505,-7.900
380,-9.740,-11.558,-257.331,-7.857
384,-9.754,-11.528,6.798,-7.879
388,-9.773,-11.184,78.071,-8.295
393,-9.779,-10.764,94.731,-7.738
398,-9.784,-10.970,-46.421,-7.651
402,-9.797,-13.421,-550.895,-7.490
407,-9.811,-13.833,-91.684,-7.467
411,-9.840,-11.673,485.244,-8.727
416,-9.854,-12.848,-262.405,-7.706
420,-9.858,-10.291,569.798,-7.798
424,-9.885,-13.757,-772.203,-8.188
429,-9.896,-12.306,322.881,-7.733
433,-9.895,-13.871,-349.617,-6.785
438,-9.909,-14.986,-248.773,-7.330
443,-9.936,-18.474,-778.000,-7.191
447,-9.966,-15.108,750.761,-8.111
452,-9.968,-12.169,656.011,-7.398
456,-9.974,-15.245,-688.526,-6.948
460,-9.992,-14.558,152.944,-7.664
465,-10.005,-14.161,88.683,-7.526
469,-10.012,-14.505,-76.745,-7.163
473,-10.021,-13.764,164.839,-7.450
478,-10.034,-15.154,-308.462,-7.334
483,-10.040,-16.238,-238.760,-6.677
488,-10.061,-16.436,-43.988,-7.470
492,-10.059,-13.161,730.984,-7.101
496,-10.074,-15.757,-575.226,-7.311
501,-10.078,-17.100,-296.189,-6.478
505,-10.070,-14.917,483.867,-6.393
510,-10.064,-14.123,176.264,-6.622
514,-10.044,-15.497,-303.993,-5.632
519,-10.059,-18.787,-727.249,-6.651
524,-10.064,-15.467,734.648,-6.888
528,-10.061,-14.627,186.433,-6.677
533,-10.066,-15.253,-138.977,-6.958
537,-10.066,-17.955,-598.381,-6.086
542,-10.032,-13.024,1090.030,-5.463
546,-10.005,-15.154,-469.941,-5.335
550,-9.999,-19.772,-1022.657,-5.325
555,-9.988,-17.421,519.246,-5.561
559,-9.975,-15.940,330.561,-5.826
564,-9.957,-16.963,-228.530,-5.355
569,-9.935,-18.062,-244.928,-4.912
573,-9.926,-18.589,-117.781,-5.394
578,-9.908,-18.650,-13.619,-4.932
582,-9.870,-18.062,132.265,-4.106
586,-9.840,-18.886,-185.181,-4.247
591,-9.816,-16.657,498.883,-4.977
595,-9.784,-19.535,-642.380,-3.903
599,-9.741,-17.810,385.776,-3.744
604,-9.708,-20.031,-496.286,-3.717
609,-9.667,-18.833,267.278,-3.519
614,-9.616,-16.711,474.539,-3.469
618,-9.566,-20.474,-840.035,-2.624
622,-9.529,-20.161,69.674,-3.275
627,-9.460,-17.841,524.551,-2.200
631,-9.380,-18.757,-204.837,-1.350
635,-9.303,-17.131,363.260,-1.791
640,-9.240,-16.810,71.629,-2.432
644,-9.178,-20.573,-850.669,-1.680
648,-9.138,-20.406,37.553,-2.698
654,-9.090,-18.909,337.891,-2.635
658,-9.040,-19.115,-46.295,-2.459
662,-8.980,-17.726,313.473,-2.162
667,-8.945,-19.986,-505.264,-2.851
671,-8.898,-19.077,202.226,-2.393
676,-8.857,-22.375,-738.073,-1.968
680,-8.813,-19.757,583.405,-2.308
684,-8.770,-20.337,-129.962,-2.199
689,-8.719,-19.222,248.773,-2.003
694,-8.648,-18.123,246.245,-1.204
698,-8.607,-24.077,-1329.062,-1.334
703,-8.528,-19.360,1040.943,-0.364
707,-8.459,-19.650,-64.290,-0.724
712,-8.401,-17.573,468.065,-1.754
716,-8.340,-18.054,-107.636,-1.360
720,-8.264,-19.268,-271.166,-0.308
725,-8.175,-18.390,196.126,0.195
729,-8.123,-21.864,-781.567,-0.813
733,-8.040,-19.909,434.653,0.422
739,-7.943,-15.192,1062.513,0.085
743,-7.873,-20.184,-1106.464,0.028
748,-7.786,-18.047,471.625,0.504
752,-7.707,-20.154,-472.816,0.563
756,-7.655,-21.673,-339.081,-0.363
761,-7.580,-18.459,717.353,0.138
765,-7.518,-22.016,-797.590,0.363
769,-7.437,-18.207,851.019,0.528
774,-7.375,-18.825,-138.761,-0.221
779,-7.301,-17.948,196.478,0.248
784,-7.237,-19.039,-245.635,0.028
788,-7.139,-15.688,752.052,1.079
792,-7.072,-18.329,-592.202,0.220
797,-6.993,-19.886,-350.101,1.224
801,-6.907,-18.291,356.757,1.310
805,-6.830,-17.703,131.437,0.843
810,-6.727,-15.062,594.334,1.574
814,-6.656,-15.192,-29.071,0.169
818,-6.571,-16.848,-374.094,1.230
824,-6.479,-15.780,238.976,1.518
828,-6.377,-15.245,120.133,1.899
832,-6.320,-17.978,-613.291,0.417
837,-6.265,-19.352,-307.255,0.670
841,-6.191,-15.016,966.967,0.755
845,-6.126,-15.146,-29.123,0.335
850,-6.065,-17.276,-480.544,0.689
854,-5.995,-18.260,-220.003,1.448
859,-5.928,-15.909,527.636,0.811
864,-5.854,-13.444,553.332,0.699
868,-5.783,-17.245,-852.360,1.457
873,-5.712,-15.031,494.580,1.108
877,-5.634,-14.474,125.169,1.309
881,-5.569,-17.558,-690.854,1.452
886,-5.489,-16.215,300.159,2.021
890,-5.412,-14.177,455.355,1.464
894,-5.318,-11.573,582.599,1.792
899,-5.222,-11.680,-23.940,2.072
903,-5.157,-15.688,-902.620,1.437
908,-5.076,-14.146,345.427,2.001
913,-4.993,-13.780,82.229,2.087
917,-4.924,-14.253,-107.175,1.520
921,-4.841,-14.543,-64.923,2.392
926,-4.753,-12.215,525.326,2.218
930,-4.658,-11.314,201.063,2.466
935,-4.557,-11.108,46.254,2.846
939,-4.469,-13.703,-587.731,2.793
943,-4.378,-10.535,707.129,2.406
948,-4.295,-12.031,-335.467,2.395
953,-4.212,-13.680,-367.720,2.884
957,-4.122,-11.596,467.258,2.804
962,-4.029,-10.764,186.728,2.888
966,-3.928,-11.665,-202.146,3.564
970,-3.830,-13.070,-315.494,3.824
975,-3.724,-12.673,89.161,4.223
979,-3.611,-11.352,298.511,4.388
983,-3.506,-10.238,250.338,3.897
988,-3.403,-11.932,-381.336,4.247
993,-3.300,-6.291,1260.326,3.119
997,-3.211,-12.322,-1352.138,3.844
1002,-3.123,-9.688,581.109,3.312
1006,-3.026,-7.696,447.924,3.422
1011,-2.926,-10.154,-552.611,4.190
1015,-2.818,-5.909,941.498,3.753
1019,-2.737,-11.719,-1306.016,3.825
1024,-2.649,-9.451,499.378,3.726
1028,-2.552,-7.894,348.534,3.967
1032,-2.454,-7.329,126.883,3.938
1038,-2.344,-6.077,281.454,4.353
1042,-2.221,-4.688,312.065,4.826
1046,-2.101,-6.062,-308.913,5.101
1051,-1.982,-5.627,97.472,5.107
1055,-1.870,-5.215,93.346,4.747
1059,-1.756,-5.741,-119.600,5.066
1064,-1.631,-4.383,305.481,5.426
1068,-1.524,-5.948,-349.930,5.029
1073,-1.413,-1.917,906.145,4.455
1078,-1.292,-2.619,-157.747,5.184
1082,-1.180,-5.680,-685.109,5.565
1087,-1.070,-3.093,578.664,5.013
1091,-0.955,-1.833,283.681,5.085
1095,-0.860,-1.802,6.865,4.167
1100,-0.737,0.228,467.865,5.237
1104,-0.616,-0.115,-77.647,5.332
1108,-0.491,0.198,70.938,5.623
1112,-0.375,-1.566,-402.226,5.607
1117,-0.270,-1.115,101.164,5.122
1122,-0.155,0.175,290.558,5.455
1126,-0.047,0.480,68.957,5.119
1131,0.081,3.892,781.184,5.521
1135,0.206,1.564,-527.229,6.034
1139,0.319,3.442,424.088,5.079
1144,0.456,3.343,-22.554,6.454
1148,0.599,5.198,421.966,6.476
1152,0.717,1.541,-827.260,6.161
1157,0.861,4.037,561.697,7.074
1161,0.990,5.610,356.096,6.094
1166,1.099,3.762,-419.085,5.600
1171,1.198,3.304,-103.436,5.320
1175,1.311,5.114,407.836,5.755
1179,1.435,6.251,255.942,6.145
1184,1.558,7.220,219.138,6.035
1188,1.685,8.885,376.839,6.005
1192,1.807,8.816,-15.543,5.861
1196,1.936,9.014,45.067,6.310
1201,2.053,9.014,0.000,5.851
1206,2.184,10.091,251.480,6.478
1210,2.311,10.602,114.881,6.245
1215,2.433,10.602,0.000,6.054
1219,2.547,12.587,459.429,5.468
1223,2.673,12.259,-73.269,6.184
1228,2.808,16.755,1010.832,5.749
1232,2.941,14.030,-604.523,6.371
1236,3.056,15.404,307.530,5.298
1241,3.154,13.411,-446.719,5.065
1245,3.280,16.373,661.714,5.821
1250,3.405,17.121,167.433,5.791
1255,3.514,17.579,102.602,5.029
1259,3.609,15.816,-396.082,4.784
1263,3.706,17.274,326.324,4.695
1268,3.805,17.686,92.341,4.807
1272,3.918,21.541,874.538,4.787
1277,4.011,20.862,-152.330,4.004
1281,4.098,19.304,-348.847,4.164
1285,4.188,21.312,447.733,3.885
1291,4.274,18.953,-526.984,4.339
1295,4.364,21.740,621.933,4.024
1299,4.463,24.159,543.054,4.006
1304,4.553,23.572,-132.027,3.846
1308,4.623,20.717,-638.980,3.517
1312,4.719,23.312,580.371,4.321
1317,4.810,26.114,627.582,3.547
1321,4.894,23.312,-627.582,3.907
1325,4.984,25.846,567.223,3.747
1330,5.080,28.724,643.529,3.484
1335,5.152,24.175,-1022.846,3.415
1340,5.226,26.136,434.418,3.074
1344,5.301,27.793,370.082,2.886
1348,5.369,27.060,-164.310,2.783
1353,5.441,30.991,881.457,2.201
1357,5.508,26.877,-917.597,2.879
1361,5.566,27.083,46.006,2.464
1366,5.632,31.167,926.490,2.140
1370,5.689,29.457,-382.362,1.988
1376,5.743,32.136,597.012,1.342
1380,5.776,28.885,-725.873,1.045
1384,5.809,28.427,-101.872,1.152
1389,5.840,32.106,819.828,0.336
1393,5.863,30.762,-302.320,0.282
1397,5.896,30.671,-20.484,0.786
1402,5.899,29.266,-316.062,-0.311
1406,5.936,31.144,418.046,0.860
1410,5.960,30.984,-35.976,0.399
1415,5.983,33.152,489.156,-0.085
1420,6.009,33.511,79.941,-0.114
1424,6.040,35.785,513.733,-0.197
1429,6.042,33.365,-542.566,-1.155
1433,6.047,33.930,125.642,-1.179
1438,6.040,36.114,486.454,-2.239
1442,6.035,35.564,-122.792,-2.018
1446,6.022,33.091,-552.565,-1.888
1451,6.001,34.289,266.802,-2.565
1455,5.964,34.823,119.381,-3.459
1459,5.933,36.388,350.243,-3.582
1465,5.902,35.022,-305.003,-3.303
1469,5.874,36.984,439.085,-3.596
1474,5.842,38.350,305.821,-4.116
1478,5.792,36.343,-448.132,-4.615
1482,5.747,34.999,-298.558,-4.179
1487,5.719,36.365,303.917,-3.691
1491,5.655,36.572,45.883,-5.513
1495,5.600,36.419,-34.355,-5.017
1500,5.558,38.770,529.538,-4.930
1505,5.485,33.999,-1068.771,-5.553
1510,5.433,38.236,931.539,-5.612
1514,5.364,34.533,-825.667,-5.625
1518,5.303,35.404,193.212,-5.523
1523,5.236,35.312,-20.502,-5.772
1527,5.169,34.678,-141.805,-5.691
1531,5.096,36.625,434.113,-6.519
1536,5.038,36.785,35.782,-5.911
1540,4.994,39.083,516.107,-5.649
1545,4.945,37.732,-302.135,-5.728
1550,4.858,33.892,-852.508,-6.916
1554,4.789,36.480,577.116,-6.604
1559,4.709,35.511,-216.399,-7.007
1563,4.599,33.831,-374.529,-8.212
1568,4.496,34.060,50.755,-8.074
1572,4.414,38.503,1004.237,-7.949
1576,4.327,38.014,-107.895,-8.354
1581,4.214,34.671,-743.663,-9.002
1585,4.116,34.327,-76.133,-8.250
1590,4.006,33.839,-109.934,-8.740
1595,3.899,36.106,505.163,-9.322
1599,3.765,32.823,-732.034,-9.982
1604,3.670,36.228,758.596,-8.979
1608,3.554,31.480,-1059.842,-9.042
1612,3.435,32.923,318.910,-9.679
1617,3.307,31.572,-301.595,-9.891
1621,3.184,33.434,414.278,-10.190
1626,3.054,30.678,-610.754,-10.122
1630,2.930,33.075,527.962,-10.520
1635,2.816,33.915,186.599,-10.228
1640,2.685,31.724,-484.699,-10.741
1644,2.541,30.694,-226.990,-11.365
1649,2.414,30.144,-121.168,-10.499
1653,2.285,30.701,122.635,-10.876
1657,2.134,26.946,-828.713,-11.267
1662,2.003,30.648,813.332,-11.217
1666,1.885,32.701,453.898,-11.173
1671,1.737,28.136,-1010.825,-11.756
1676,1.604,28.907,168.045,-11.409
1681,1.461,28.556,-78.102,-11.843
1685,1.312,26.281,-505.963,-11.753
1689,1.155,25.740,-119.065,-12.262
1694,1.012,28.778,670.973,-12.384
1698,0.838,24.297,-990.477,-13.098
1703,0.656,22.236,-456.392,-13.158
1707,0.503,25.717,765.373,-12.730
1712,0.316,22.762,-657.073,-13.876
1716,0.148,24.694,427.279,-13.574
1721,-0.027,23.404,-285.921,-13.763
1726,-0.190,22.121,-282.228,-13.113
1730,-0.352,22.831,156.233,-13.332
1735,-0.529,21.442,-305.747,-14.003
1739,-0.707,21.068,-82.607,-14.090
1743,-0.886,20.419,-144.704,-14.155
1748,-1.058,19.511,-200.264,-13.816
1752,-1.257,18.900,-134.040,-15.209
1757,-1.457,15.877,-667.602,-14.811
1762,-1.640,16.999,246.299,-14.408
1767,-1.838,17.991,219.744,-15.481
1771,-2.042,15.976,-443.501,-15.600
1775,-2.247,14.633,-296.450,-15.548
1780,-2.439,13.312,-290.372,-14.839
1784,-2.659,11.045,-496.752,-15.919
1789,-2.858,12.915,411.220,-15.454
1793,-3.062,9.648,-719.009,-15.238
1798,-3.265,7.564,-463.104,-14.870
1803,-3.466,11.503,872.217,-15.858
1807,-3.692,9.549,-431.581,-16.870
1812,-3.904,6.816,-605.679,-15.821
1816,-4.100,7.610,175.796,-15.377
1821,-4.313,6.411,-267.278,-16.130
1825,-4.533,5.862,-121.705,-16.634
1829,-4.751,4.114,-388.465,-16.342
1834,-4.962,4.511,87.898,-16.273
1838,-5.168,4.091,-93.884,-16.184
1843,-5.359,4.686,133.263,-15.718
1848,-5.560,1.938,-610.687,-15.858
1852,-5.759,3.167,273.113,-16.217
1857,-5.989,-3.047,-1379.605,-16.604
1861,-6.212,-0.780,497.624,-16.925
1866,-6.436,-3.459,-593.836,-16.654
1870,-6.642,-0.970,548.622,-16.549
1874,-6.870,-4.688,-827.595,-17.008
1879,-7.100,-3.085,355.602,-17.656
1883,-7.317,-6.100,-670.059,-16.604
1889,-7.543,-7.696,-353.595,-16.917
1893,-7.757,-7.474,48.804,-16.620
1897,-7.981,-7.184,65.156,-17.351
1902,-8.212,-8.749,-349.617,-17.625
1906,-8.431,-8.169,127.787,-17.359
1911,-8.651,-8.909,-164.546,-17.449
1915,-8.879,-10.428,-336.676,-17.765
1920,-9.098,-12.077,-361.591,-17.109
1924,-9.311,-13.062,-216.140,-16.849
1928,-9.521,-13.177,-25.133,-16.855
1934,-9.715,-16.230,-673.750,-15.603
1938,-9.900,-14.558,365.971,-15.728
1943,-10.101,-17.726,-697.784,-15.984
1947,-10.314,-18.596,-189.016,-16.576
1952,-10.496,-16.856,378.361,-15.610
1956,-10.681,-19.062,-480.006,-15.443
1961,-10.880,-20.535,-321.397,-16.037
1965,-11.086,-21.566,-223.640,-16.285
1970,-11.276,-19.230,508.684,-16.266
1975,-11.461,-18.940,63.115,-16.290
1980,-11.656,-20.856,-420.921,-16.561
1984,-11.875,-24.558,-802.751,-17.042
1989,-12.058,-24.001,121.037,-15.626
1993,-12.223,-21.543,538.094,-15.479
1998,-12.409,-24.352,-612.285,-16.022
2002,-12.593,-26.215,-403.858,-15.680
2007,-12.761,-26.993,-168.973,-14.921
2011,-12.916,-26.894,21.535,-14.422
2017,-13.069,-27.879,-215.950,-14.351
2021,-13.216,-29.665,-388.317,-13.747
2026,-13.334,-27.131,549.989,-12.988
2030,-13.466,-30.352,-700.908,-13.093
2034,-13.602,-27.543,611.751,-14.043
2039,-13.734,-28.764,-265.747,-13.724
2043,-13.867,-30.062,-281.621,-13.630
2048,-13.984,-30.719,-142.715,-12.772
2052,-14.131,-35.138,-958.336,-13.381
2057,-14.246,-33.955,256.327,-12.203
2062,-14.356,-30.795,688.220,-12.808
2067,-14.458,-31.642,-184.845,-12.392
2071,-14.561,-32.207,-122.376,-12.317
2076,-14.666,-32.886,-147.436,-12.385
2080,-14.753,-33.459,-124.353,-11.459
2085,-14.840,-34.276,-177.256,-11.337
2089,-14.935,-36.657,-515.962,-11.343
2094,-15.023,-37.795,-247.047,-10.779
2098,-15.100,-36.054,378.361,-10.748
2104,-15.155,-34.841,265.009,-10.054
2108,-15.210,-37.886,-665.023,-9.373
2113,-15.260,-39.642,-384.690,-8.865
2117,-15.305,-36.482,691.836,-9.354
2122,-15.336,-34.963,334.599,-9.080
2126,-15.369,-39.932,-1094.595,-8.106
2131,-15.414,-40.909,-211.860,-8.367
2135,-15.456,-41.909,-219.298,-8.138
2140,-15.458,-37.337,1004.507,-7.247
2145,-15.478,-39.474,-464.652,-7.536
2150,-15.482,-36.596,629.453,-7.494
2154,-15.494,-40.329,-818.601,-7.043
2158,-15.504,-39.925,88.801,-7.114
2163,-15.500,-39.902,5.075,-6.466
2167,-15.492,-36.444,776.733,-7.157
2172,-15.474,-40.169,-816.927,-5.608
2176,-15.474,-41.932,-386.363,-6.076
2181,-15.467,-40.154,390.049,-6.197
2185,-15.462,-40.406,-55.340,-6.197
2190,-15.440,-38.940,324.833,-5.758
2195,-15.440,-41.596,-584.615,-6.168
2199,-15.440,-42.665,-233.954,-5.863
2204,-15.423,-42.673,-1.671,-5.066
2208,-15.406,-43.138,-103.662,-5.063
2213,-15.368,-42.283,187.656,-4.064
2217,-15.334,-41.115,257.255,-4.551
2221,-15.273,-41.260,-31.863,-3.083
2226,-15.221,-41.123,30.507,-3.582
2231,-15.160,-39.902,270.455,-3.321
2236,-15.095,-42.360,-539.986,-2.457
2240,-15.009,-38.077,941.610,-2.333
2245,-14.938,-39.001,-203.630,-2.770
2249,-14.882,-43.322,-950.838,-2.511
2253,-14.803,-41.070,494.273,-1.750
2258,-14.711,-38.688,525.525,-1.621
2262,-14.620,-38.551,30.159,-1.562
2267,-14.516,-37.902,143.934,-1.061
2272,-14.430,-39.024,-246.082,-1.493
2277,-14.331,-38.093,204.591,-0.976
2281,-14.226,-38.161,-15.119,-0.559
2286,-14.107,-37.459,154.689,0.056
2290,-13.993,-38.741,-283.225,0.167
2294,-13.887,-39.917,-258.254,0.193
2299,-13.752,-36.123,836.396,0.912
2303,-13.639,-37.001,-192.682,0.139
2308,-13.509,-38.604,-353.719,1.457
2312,-13.376,-39.138,-117.285,1.899
2318,-13.241,-38.642,109.003,1.976
2322,-13.095,-37.451,262.763,2.381
2326,-12.933,-37.031,92.640,3.205
2331,-12.765,-34.963,462.590,3.163
2335,-12.604,-35.787,-181.751,3.243
2340,-12.425,-33.360,535.631,3.754
2344,-12.289,-38.093,-1041.554,2.837
2349,-12.144,-36.619,321.958,3.175
2353,-11.980,-33.757,630.527,3.580
2358,-11.809,-31.428,516.012,3.501
2363,-11.646,-32.100,-148.618,3.439
2367,-11.494,-33.604,-332.703,3.393
2372,-11.309,-31.467,471.625,4.761
2376,-11.152,-30.528,206.813,3.308
2381,-10.983,-28.909,357.403,3.749
2385,-10.814,-33.940,-1113.936,4.966
2389,-10.643,-33.100,182.701,5.200
2394,-10.457,-29.764,739.334,5.228
2398,-10.287,-33.085,-732.057,5.409
2404,-10.105,-31.787,286.091,5.869
2408,-9.922,-29.505,503.184,5.588
2412,-9.736,-31.948,-543.800,6.418
2417,-9.544,-29.215,606.755,6.321
2421,-9.352,-27.734,327.636,6.209
2426,-9.163,-24.764,659.881,5.541
2430,-8.992,-29.344,-1014.206,5.883
2435,-8.801,-25.940,748.588,6.318
2439,-8.595,-23.963,440.530,6.778
2444,-8.418,-28.902,-1095.593,6.651
2449,-8.227,-22.657,1371.765,6.181
2453,-8.027,-23.489,-182.790,7.005
2458,-7.829,-23.741,-56.130,7.097
2462,-7.653,-26.031,-512.550,6.648
2466,-7.477,-25.390,142.493,6.793
2471,-7.290,-22.657,609.462,6.822
2475,-7.083,-20.673,440.660,7.623
2480,-6.897,-22.726,-455.914,7.255
2484,-6.690,-19.222,773.811,7.679
2489,-6.483,-20.764,-342.359,8.258
2494,-6.261,-16.001,1055.709,8.150
2498,-6.067,-19.390,-746.545,7.746
2503,-5.862,-18.696,153.822,8.328
2507,-5.670,-19.688,-219.939,8.098
2511,-5.478,-19.436,56.029,8.191
2516,-5.281,-18.054,310.072,8.328
2520,-5.086,-18.406,-77.963,8.527
2525,-4.888,-15.146,730.184,8.146
2530,-4.682,-14.558,130.503,8.611
2534,-4.498,-18.161,-802.105,8.529
2539,-4.317,-15.314,629.940,7.951
2543,-4.129,-13.528,396.242,8.066
2548,-3.935,-12.986,120.441,8.443
2552,-3.746,-15.093,-468.610,8.842
2556,-3.534,-11.505,794.461,9.397
2561,-3.329,-11.703,-44.105,9.276
2565,-3.137,-10.383,295.836,8.546
2569,-2.936,-10.642,-57.625,9.252
2575,-2.749,-11.100,-102.327,8.849
2579,-2.555,-9.726,305.887,9.095
2584,-2.346,-8.077,369.037,9.680
2588,-2.146,-8.177,-22.291,9.439
2592,-1.949,-9.619,-324.651,9.771
2597,-1.761,-8.856,170.545,9.398
2601,-1.584,-9.917,-237.908,9.278
2605,-1.395,-5.589,969.589,9.061
2610,-1.207,-4.871,161.176,9.090
2615,-1.006,-2.123,616.164,9.289
2619,-0.815,-2.642,-116.596,9.140
2624,-0.653,-5.123,-556.259,8.391
2628,-0.472,-1.138,890.244,8.630
2632,-0.299,-2.054,-206.313,8.659
2637,-0.123,-2.413,-80.588,9.008
2641,0.066,0.068,562.311,9.310
2645,0.248,-0.024,-20.762,9.179
2650,0.443,1.984,457.111,9.584
2654,0.654,2.358,84.473,10.450
2659,0.831,3.144,178.371,8.851
2664,1.016,1.938,-272.136,9.638
2668,1.197,2.564,140.601,9.544
2672,1.351,0.381,-493.046,8.771
2677,1.533,4.770,988.584,9.427
2681,1.708,7.701,660.798,8.620
2685,1.879,7.946,55.316,8.539
2690,2.045,6.785,-264.186,8.731
2694,2.212,7.274,109.935,8.811
2699,2.382,7.350,17.193,9.086
2704,2.553,9.526,494.898,8.913
2708,2.733,12.335,634.408,8.876
2712,2.920,12.999,148.507,9.219
2717,3.092,10.686,-519.537,9.209
2721,3.270,11.671,220.003,9.408
2725,3.463,14.556,648.135,9.733
2730,3.663,15.511,213.563,10.084
2734,3.841,16.388,194.562,8.947
2738,4.021,13.144,-728.069,9.955
2744,4.189,14.923,397.015,9.149
2748,4.359,15.648,162.162,9.246
2753,4.528,18.740,690.090,8.719
2757,4.681,14.511,-945.664,8.976
2761,4.818,13.594,-203.382,8.524
2766,4.960,16.991,757.570,8.201
2770,5.111,20.045,684.013,8.134
2774,5.256,19.243,-179.393,8.157
2779,5.413,21.686,544.770,8.318
2784,5.578,24.480,624.753,8.305
2789,5.732,21.923,-573.375,8.468
2793,5.872,23.121,265.619,7.620
2797,6.030,24.404,286.771,8.431
2802,6.178,24.266,-30.780,8.122
2806,6.313,24.678,92.590,7.563
2810,6.449,24.862,41.337,7.731
2815,6.580,23.297,-353.407,7.933
2819,6.717,25.106,403.830,7.922
2823,6.852,26.976,417.835,7.539
2829,6.987,28.610,364.640,7.341
2833,7.102,29.045,97.211,6.365
2838,7.217,29.457,93.009,6.433
2842,7.317,26.136,-749.912,6.560
2846,7.406,30.411,949.958,5.031
2851,7.487,28.022,-536.201,5.383
2855,7.591,31.404,754.839,5.755
2859,7.691,32.854,324.035,5.385
2864,7.769,30.587,-507.880,4.913
2868,7.845,28.656,-432.251,5.311
2873,7.923,30.572,426.543,4.994
2878,7.986,31.892,295.570,4.094
2882,8.053,29.243,-596.052,4.977
2887,8.136,32.808,796.444,5.008
2891,8.226,34.969,485.244,4.989
2895,8.288,34.007,-215.271,3.880
2900,8.343,31.503,-560.891,4.146
2904,8.389,32.839,297.922,3.447
2908,8.437,33.587,168.185,3.489
2914,8.491,36.785,717.147,3.080
2918,8.535,35.854,-209.563,2.885
2922,8.570,34.320,-343.409,2.782
2927,8.596,35.152,186.060,2.157
2931,8.615,35.740,131.790,1.730
2935,8.656,37.625,423.137,2.439
2940,8.664,34.976,-593.913,1.409
2944,8.684,34.747,-50.981,2.035
2949,8.697,34.793,10.324,1.752
2953,8.714,36.602,408.204,1.601
2958,8.732,36.793,42.827,1.598
2963,8.742,35.762,-232.941,1.490
2967,8.728,34.801,-214.695,0.399
2971,8.723,35.946,256.046,0.562
2976,8.695,34.251,-378.948,-0.170
2980,8.696,37.396,700.142,0.509
2984,8.713,41.663,956.765,0.479
2989,8.699,38.152,-785.207,-0.394
2993,8.657,37.236,-203.382,-1.616
2999,8.622,37.320,18.676,-1.309
3003,8.578,39.816,560.184,-2.241
3007,8.536,37.862,-436.594,-1.862
3012,8.490,38.404,120.548,-2.228
3016,8.439,38.579,39.331,-2.454
3020,8.382,38.839,58.403,-2.890
3025,8.322,36.671,-490.040,-2.590
3029,8.260,37.159,108.857,-2.947
3033,8.209,40.808,818.129,-3.199
3038,8.152,36.281,-1012.236,-2.585
3043,8.089,39.114,623.253,-3.695
3048,8.018,35.091,-897.168,-3.189
3052,7.954,37.617,563.496,-3.450
3056,7.880,35.717,-425.798,-3.571
3061,7.787,35.564,-34.018,-4.592
3065,7.700,37.885,522.190,-4.783
3069,7.616,35.220,-594.670,-4.234
3074,7.530,36.709,331.969,-4.773
3078,7.435,37.472,171.003,-5.373
3084,7.340,38.709,276.777,-5.810
3088,7.248,39.068,80.372,-5.804
3092,7.157,35.465,-812.963,-5.009
3097,7.032,31.839,-807.202,-6.082
3101,6.929,37.831,1336.389,-6.459
3105,6.802,34.465,-745.441,-7.051
3110,6.677,34.511,10.196,-7.026
3114,6.562,34.503,-1.710,-6.605
3118,6.437,34.152,-79.516,-7.108
3123,6.301,33.579,-128.483,-7.658
3128,6.195,36.182,581.039,-6.964
3133,6.072,33.449,-611.096,-7.285
3137,5.927,30.915,-562.689,-8.025
3141,5.782,31.503,130.387,-8.242
3146,5.640,31.778,61.287,-8.321
3150,5.489,31.198,-130.665,-8.699
3154,5.348,31.892,154.368,-8.574
3159,5.209,32.404,114.163,-8.712
3163,5.058,29.785,-583.405,-8.912
3169,4.905,29.984,44.105,-9.194
3173,4.741,27.755,-502.029,-9.317
3177,4.601,30.259,556.404,-8.959
3182,4.438,28.839,-316.084,-9.888
3186,4.247,25.236,-801.391,-10.683
3191,4.068,26.320,238.130,-10.568
3195,3.894,24.900,-314.404,-10.153
3199,3.712,23.594,-288.283,-10.411
3204,3.532,26.114,554.376,-11.117
3208,3.379,25.465,-142.794,-9.793
3214,3.183,21.686,-838.949,-11.205
3218,2.998,24.052,522.618,-11.382
3222,2.808,21.762,-507.553,-11.326
3227,2.599,19.350,-532.262,-11.944
3231,2.410,22.259,641.747,-11.816
3236,2.228,20.236,-447.544,-11.150
3240,2.042,18.541,-373.272,-11.211
3245,1.855,19.358,179.910,-11.593
3249,1.654,16.251,-687.361,-11.808
3254,1.478,20.007,829.445,-11.560
3259,1.287,18.457,-343.444,-12.187
3263,1.094,17.198,-277.188,-12.198
3268,0.906,15.961,-272.869,-11.847
3272,0.690,12.602,-741.780,-12.683
3277,0.483,15.343,607.371,-13.051
3281,0.280,14.885,-101.331,-12.934
3285,0.074,13.892,-219.744,-13.139
3290,-0.124,13.236,-145.112,-12.728
3294,-0.347,10.182,-670.790,-13.569
3300,-0.554,10.801,136.314,-13.077
3304,-0.768,9.022,-394.199,-13.268
3308,-0.978,10.480,324.292,-13.573
3313,-1.175,9.900,-128.466,-13.009
3317,-1.381,9.564,-74.839,-13.584
3322,-1.579,8.205,-304.113,-13.074
3326,-1.771,7.060,-254.001,-12.756
3330,-1.981,6.503,-124.165,-13.702
3335,-2.182,2.778,-827.820,-12.631
3340,-2.376,4.388,357.295,-12.863
3345,-2.591,1.365,-671.159,-13.429
3349,-2.786,3.656,508.454,-13.111
3353,-3.013,-0.421,-906.658,-14.069
3358,-3.221,1.335,389.469,-13.720
3362,-3.451,-0.978,-515.369,-14.470
3367,-3.658,1.167,475.829,-14.050
3371,-3.880,-1.428,-577.273,-14.481
3375,-4.066,0.816,497.401,-13.359
3380,-4.287,-3.169,-889.449,-14.412
3385,-4.473,-0.825,517.560,-13.400
3390,-4.690,-4.749,-875.037,-14.275
3394,-4.901,-5.077,-72.556,-14.104
3398,-5.094,-4.512,126.542,-13.566
3403,-5.264,-3.757,167.939,-12.789
3407,-5.459,-8.528,-1058.339,-13.118
3412,-5.638,-7.199,290.263,-12.789
3416,-5.821,-7.444,-54.043,-13.132
3420,-6.011,-7.352,20.429,-13.702
3426,-6.209,-10.673,-741.208,-13.609
3430,-6.380,-9.528,251.546,-12.605
3435,-6.546,-10.047,-115.147,-12.484
3439,-6.723,-11.825,-390.050,-12.744
3444,-6.887,-10.207,354.895,-12.659
3448,-7.065,-11.940,-381.344,-13.119
3452,-7.235,-12.772,-182.630,-12.723
3457,-7.409,-11.772,219.106,-13.287
3461,-7.580,-13.650,-413.626,-12.917
3467,-7.763,-17.199,-779.793,-12.916
3471,-7.913,-14.138,669.525,-12.052
3476,-8.081,-16.543,-527.320,-12.613
3480,-8.243,-15.192,295.785,-12.825
3485,-8.408,-17.406,-485.044,-12.592
3489,-8.570,-18.299,-195.862,-12.391
3493,-8.705,-15.986,508.123,-11.760
3498,-8.840,-18.352,-520.319,-11.353
3502,-8.958,-15.711,577.190,-11.223
3507,-9.090,-18.177,-541.187,-11.511
3512,-9.235,-21.337,-691.836,-11.556
3517,-9.373,-18.894,533.351,-11.906
3521,-9.493,-22.612,-816.686,-10.337
3526,-9.638,-21.459,251.675,-11.940
3530,-9.766,-23.757,-505.213,-10.710
3535,-9.886,-22.581,256.675,-10.701
3539,-9.989,-20.459,466.199,-10.500
3543,-10.098,-23.115,-585.130,-10.292
3548,-10.206,-22.077,225.297,-10.519
3553,-10.305,-21.810,58.335,-10.260
3558,-10.387,-21.940,-28.609,-9.509
3562,-10.476,-24.062,-469.915,-9.495
3567,-10.562,-25.612,-338.937,-9.041
3571,-10.624,-24.138,321.397,-8.260
3576,-10.667,-21.932,483.795,-7.891
3580,-10.754,-28.535,-1448.038,-8.614
3585,-10.824,-28.657,-26.505,-7.811
3589,-10.875,-26.596,455.183,-7.441
3595,-10.912,-27.245,-142.044,-6.649
3599,-10.962,-26.596,142.168,-7.464
3603,-11.039,-30.993,-964.243,-7.890
3608,-11.079,-26.970,879.899,-6.988
3612,-11.120,-27.085,-25.199,-7.093
3617,-11.182,-28.993,-422.585,-7.801
3621,-11.224,-26.528,539.765,-7.343
3626,-11.275,-24.719,396.051,-8.270
3630,-11.286,-25.757,-226.872,-6.003
3635,-11.308,-27.841,-457.011,-6.192
3640,-11.372,-31.535,-809.522,-7.471
3645,-11.413,-30.673,188.339,-6.543
3649,-11.450,-30.406,58.540,-6.467
3653,-11.470,-30.436,-6.792,-5.713
3658,-11.478,-30.764,-73.073,-5.111
3662,-11.496,-30.535,50.665,-5.588
3667,-11.506,-28.871,369.805,-5.673
3671,-11.528,-30.482,-353.842,-5.799
3675,-11.529,-29.505,214.089,-4.949
3681,-11.530,-29.551,-10.098,-5.027
3685,-11.508,-28.199,299.191,-4.192
3690,-11.490,-26.245,429.305,-4.742
3694,-11.497,-32.276,-1329.483,-4.653
3699,-11.494,-29.222,663.790,-4.780
3703,-11.488,-30.505,-282.476,-4.407
3708,-11.464,-28.444,453.980,-3.960
3712,-11.428,-29.757,-288.947,-3.065
3716,-11.398,-29.322,95.587,-3.341
3721,-11.369,-30.077,-167.492,-3.316
3726,-11.334,-31.810,-380.673,-2.544
3731,-11.309,-33.024,-265.938,-2.670
3735,-11.265,-29.635,745.231,-2.529
3740,-11.223,-27.276,518.185,-3.078
3744,-11.188,-27.978,-154.553,-3.262
3748,-11.140,-27.635,75.464,-2.597
3753,-11.096,-29.665,-450.429,-2.413
3757,-11.051,-30.215,-120.319,-2.040
3762,-11.004,-27.131,677.498,-2.693
3767,-10.938,-28.734,-352.784,-1.296
3772,-10.873,-25.711,660.599,-1.907
3776,-10.802,-27.673,-430.226,-1.165
3781,-10.730,-27.436,51.849,-1.059
3785,-10.649,-26.963,105.174,-0.722
3789,-10.582,-28.940,-434.337,-0.859
3794,-10.476,-25.780,693.658,0.500
3798,-10.379,-26.375,-131.381,0.223
3803,-10.276,-23.802,567.134,0.055
3808,-10.185,-24.001,-43.755,-0.388
3813,-10.091,-25.039,-229.277,0.084
3817,-9.977,-24.123,201.946,0.943
3821,-9.877,-23.115,223.720,0.137
3826,-9.764,-24.215,-244.710,1.079
3830,-9.655,-24.375,-35.592,1.101
3835,-9.541,-23.680,154.781,1.219
3839,-9.417,-19.955,826.351,1.099
3843,-9.297,-21.383,-316.936,1.274
3848,-9.159,-18.413,656.961,1.708
3853,-9.038,-23.169,-1060.599,1.998
3858,-8.935,-23.711,-119.065,1.387
3862,-8.795,-19.100,1020.064,2.293
3866,-8.644,-20.184,-240.029,3.220
3871,-8.492,-18.749,319.482,3.096
3875,-8.346,-21.978,-720.118,3.620
3880,-8.173,-16.115,1299.334,3.877
3884,-8.016,-16.917,-176.082,3.461
3888,-7.863,-16.963,-10.196,3.363
3894,-7.710,-18.283,-295.571,3.788
3898,-7.557,-16.841,318.910,3.653
3903,-7.401,-15.451,308.736,3.636
3907,-7.249,-15.268,40.749,3.592
3911,-7.105,-15.520,-56.634,3.329
3916,-6.960,-14.871,145.745,3.378
3920,-6.811,-14.757,25.536,3.754
3924,-6.659,-14.031,163.038,3.855
3929,-6.498,-10.795,721.820,3.755
3933,-6.347,-11.383,-130.969,3.555
3939,-6.195,-13.436,-455.914,4.209
3943,-6.042,-12.650,174.105,4.244
3947,-5.897,-12.123,117.676,3.876
3952,-5.722,-8.390,830.255,4.680
3956,-5.546,-8.726,-75.376,5.015
3960,-5.396,-11.657,-661.991,4.458
3965,-5.237,-8.436,715.861,4.420
3969,-5.077,-8.711,-61.672,4.687
3974,-4.908,-5.505,724.708,4.528
3979,-4.754,-7.535,-458.153,4.446
3983,-4.597,-4.482,684.013,4.060
3988,-4.443,-5.505,-230.383,4.298
3992,-4.282,-5.184,71.886,4.745
3996,-4.148,-9.085,-885.732,4.416
4001,-3.974,-3.329,1287.058,5.235
4005,-3.822,-4.993,-370.134,4.766
4009,-3.649,-1.802,713.515,5.194
4014,-3.474,-2.566,-171.773,5.652
4018,-3.324,-6.810,-949.078,5.538
4023,-3.197,-5.948,193.581,4.323
4028,-3.062,-3.100,638.414,4.247
4032,-2.904,-1.077,456.019,5.046
4036,-2.769,-0.741,75.853,4.008
4041,-2.616,-2.154,-321.250,5.334
4045,-2.470,0.839,669.733,4.499
4049,-2.328,0.098,-167.524,4.607
4054,-2.196,-0.474,-129.412,4.377
4058,-2.057,0.457,209.186,4.662
4062,-1.921,2.533,470.611,4.212
4068,-1.804,1.717,-183.302,3.550
4072,-1.677,3.747,457.740,3.727
4076,-1.561,5.587,415.094,2.900
4081,-1.438,7.129,347.921,3.060
4085,-1.326,2.434,-1055.453,3.628
4089,-1.208,5.488,677.337,3.365
4094,-1.108,4.358,-255.142,2.839
4098,-0.999,3.640,-161.176,3.569
4102,-0.891,5.014,310.028,3.319
4108,-0.760,7.823,635.557,3.952
4112,-0.639,7.022,-180.687,3.770
4116,-0.525,9.114,471.082,3.058
4121,-0.412,8.511,-136.068,3.273
4125,-0.301,9.274,171.928,3.116
4129,-0.173,12.785,793.010,3.322
4134,-0.039,13.220,97.559,3.663
4138,0.082,10.480,-621.137,3.745
4142,0.196,9.312,-261.870,3.760
4147,0.309,12.610,746.764,3.112
4152,0.414,12.327,-63.215,2.853
4156,0.507,10.511,-409.926,2.790
4161,0.618,13.198,600.855,3.167
4165,0.732,15.625,544.278,2.865
4170,0.817,10.823,-1076.576,2.657
4174,0.900,12.266,320.326,2.216
4178,1.000,14.427,484.373,2.762
4183,1.081,12.289,-479.239,2.369
4187,1.175,15.526,721.177,2.382
4192,1.259,15.175,-78.661,2.041
4197,1.337,13.396,-399.512,2.227
4201,1.418,16.365,661.645,1.773
4205,1.520,16.839,106.022,2.843
4210,1.593,13.991,-638.987,2.153
4214,1.677,16.801,625.369,2.056
4219,1.764,19.106,516.893,1.882
4223,1.838,15.594,-785.911,2.050
4227,1.921,16.014,93.632,2.438
4232,1.984,16.793,176.160,1.445
4237,2.056,17.724,208.437,1.725
4241,2.129,20.404,602.381,1.237
4246,2.195,20.991,131.437,0.836
4250,2.249,15.732,-1176.105,1.456
4254,2.308,20.052,955.887,0.725
4259,2.361,18.892,-260.158,0.845
4263,2.425,19.579,152.808,1.253
4268,2.499,22.587,673.753,1.198
4272,2.536,17.419,-1153.558,0.535
4276,2.609,22.228,1063.033,1.258
4282,2.690,22.304,16.948,1.716
4286,2.747,22.167,-31.172,0.733
4290,2.805,21.648,-116.596,0.957
4295,2.841,21.014,-141.552,-0.029
4299,2.899,23.014,444.050,0.681
4304,2.928,22.136,-196.654,-0.510
4308,2.959,24.083,433.341,-0.789
4312,2.975,19.327,-1062.495,-0.506
4317,3.004,22.533,707.438,-0.590
4322,3.026,22.297,-52.917,-0.790
4326,3.042,23.045,167.884,-1.166
4331,3.047,23.938,199.181,-2.008
4335,3.045,21.785,-481.367,-1.818
4340,3.047,22.198,91.522,-1.727
4344,3.063,24.938,617.777,-1.596
4348,3.081,24.205,-163.285,-1.332
4353,3.090,22.724,-329.679,-1.493
4357,3.084,22.052,-149.412,-2.078
4361,3.087,24.480,541.848,-2.143
4367,3.083,23.976,-112.459,-2.337
4371,3.085,24.190,47.625,-2.184
4376,3.063,24.816,141.108,-3.404
4380,3.053,24.068,-168.035,-2.686
4384,3.037,23.075,-221.115,-2.798
4389,3.020,24.617,343.886,-3.246
4393,3.000,23.915,-156.761,-3.239
4397,2.973,22.816,-246.465,-3.301
4402,2.944,22.297,-115.867,-3.380
4407,2.914,24.114,405.173,-3.835
4412,2.889,24.694,129.498,-3.759
4416,2.855,23.190,-336.274,-3.923
4420,2.835,26.633,766.417,-3.987
4425,2.803,24.671,-437.518,-4.219
4429,2.774,23.220,-322.594,-3.728
4433,2.729,24.610,309.011,-4.921
4438,2.687,23.304,-291.371,-4.472
4442,2.638,25.304,444.050,-5.369
4448,2.581,20.740,-1022.600,-4.745
4452,2.530,22.533,396.178,-4.953
4456,2.443,20.228,-514.586,-6.252
4461,2.381,24.182,876.373,-5.995
4465,2.310,22.495,-375.896,-6.154
4470,2.228,21.098,-310.157,-6.402
4474,2.151,21.785,152.944,-6.439
4478,2.068,22.167,85.272,-6.851
4483,1.976,19.022,-708.342,-6.703
4487,1.882,19.495,105.268,-6.978
4492,1.806,19.869,83.641,-6.268
4497,1.712,20.472,135.823,-7.369
4501,1.627,18.205,-504.714,-6.558
4506,1.553,18.717,113.656,-6.188
4510,1.471,19.999,285.750,-6.941
4514,1.397,21.327,295.954,-6.927
4519,1.311,19.388,-433.571,-7.163
4523,1.235,20.740,298.926,-7.055
4527,1.135,17.358,-755.514,-7.578
4532,1.037,18.304,209.788,-7.826
4537,0.921,16.877,-319.490,-8.449
4542,0.811,16.152,-161.440,-8.157
4546,0.693,15.533,-137.527,-8.499
4550,0.580,16.129,132.551,-8.520
4555,0.468,15.946,-41.004,-8.513
4559,0.365,18.686,617.220,-8.715
4563,0.252,15.419,-727.332,-8.695
4568,0.155,16.923,333.885,-8.329
4572,0.059,11.320,-1251.799,-7.118
4578,-0.049,14.755,759.981,-8.629
4582,-0.146,15.205,100.085,-8.258
4586,-0.244,13.556,-368.706,-7.986
4591,-0.346,12.976,-128.923,-8.237
4595,-0.459,13.152,38.947,-8.895
4600,-0.565,12.999,-34.355,-8.571
4604,-0.687,9.083,-877.247,-8.676
4608,-0.804,11.740,592.966,-9.112
4613,-0.930,10.365,-306.707,-9.360
4617,-1.041,11.961,354.538,-9.133
4622,-1.154,11.114,-188.463,-9.106
4627,-1.273,12.388,282.037,-9.869
4631,-1.376,8.686,-825.667,-8.329
4636,-1.490,9.846,258.766,-9.248
4640,-1.595,10.678,186.394,-9.043
4644,-1.706,8.701,-440.923,-9.069
4649,-1.822,8.625,-17.085,-9.416
4653,-1.951,7.572,-237.474,-9.889
4657,-2.061,5.747,-408.698,-8.710
4663,-2.176,4.220,-341.395,-8.737
4667,-2.283,5.846,362.936,-8.837
4672,-2.396,7.640,401.858,-9.597
4676,-2.500,6.930,-159.462,-9.098
4680,-2.632,1.663,-1179.923,-9.490
4685,-2.767,2.923,278.907,-10.023
4689,-2.893,4.533,358.887,-10.027
4693,-3.020,3.251,-285.495,-9.957
4698,-3.143,2.266,-220.200,-9.691
4702,-3.287,-1.001,-729.932,-10.141
4708,-3.405,2.946,871.591,-9.797
4712,-3.549,-0.291,-725.054,-10.541
4716,-3.681,1.152,319.475,-10.417
4721,-3.822,1.022,-28.812,-10.975
4725,-3.934,1.327,68.340,-9.695
4729,-4.063,0.549,-176.800,-10.502
4734,-4.177,-2.245,-623.081,-9.296
4738,-4.283,1.442,820.067,-9.759
4742,-4.390,-0.627,-465.086,-9.527
4748,-4.512,-4.688,-908.923,-9.458
4752,-4.607,-1.260,763.019,-8.974
4757,-4.714,-2.734,-329.446,-9.346
4761,-4.828,-2.619,25.582,-9.841
4765,-4.933,-1.696,208.220,-9.732
4770,-5.060,-4.505,-628.729,-10.307
4774,-5.178,-6.184,-370.890,-9.572
4778,-5.297,-5.428,168.689,-9.948
4783,-5.426,-5.856,-95.762,-10.456
4787,-5.544,-6.093,-52.587,-9.979
4793,-5.658,-6.222,-29.254,-9.876
4797,-5.819,-12.886,-1498.229,-10.938
4801,-5.926,-7.039,1268.952,-9.550
4806,-6.011,-4.115,648.550,-9.277
4810,-6.136,-9.169,-1130.017,-10.245
4815,-6.240,-9.902,-160.426,-9.108
4819,-6.327,-8.482,317.497,-8.750
4823,-6.415,-7.375,246.849,-9.114
4828,-6.493,-10.520,-702.645,-8.015
4833,-6.571,-8.161,520.932,-8.567
4838,-6.669,-12.245,-910.787,-8.776
4842,-6.739,-10.169,458.555,-7.916
4846,-6.839,-11.543,-304.532,-9.163
4851,-6.922,-12.886,-295.148,-8.114
4855,-7.007,-11.795,240.230,-8.577
4860,-7.093,-11.764,6.798,-8.727
4864,-7.198,-13.657,-426.765,-9.370
4868,-7.289,-12.825,183.435,-8.886
4873,-7.360,-11.596,272.145,-8.284
4878,-7.452,-15.299,-821.271,-8.543
4883,-7.529,-11.436,850.792,-8.761
4887,-7.603,-12.329,-197.770,-8.543
4891,-7.690,-16.802,-989.664,-8.197
4896,-7.781,-13.909,640.640,-9.165
4900,-7.850,-17.696,-840.644,-7.355
4905,-7.913,-12.925,1052.734,-8.110
4909,-7.967,-15.467,-556.964,-7.136
4914,-8.030,-15.322,31.975,-7.741
4919,-8.095,-17.581,-504.362,-7.431
4923,-8.164,-18.833,-276.482,-7.328
4928,-8.208,-16.031,616.533,-6.834
4932,-8.282,-17.696,-369.476,-7.959
4937,-8.344,-21.886,-923.092,-6.540
4941,-8.378,-14.596,1614.277,-6.808
4946,-8.441,-16.848,-494.273,-7.788
4950,-8.474,-17.489,-141.238,-6.184
4954,-8.513,-15.573,423.151,-6.965
4960,-8.547,-15.276,65.749,-6.823
4964,-8.578,-15.970,-155.196,-6.613
4969,-8.603,-18.184,-489.333,-5.786
4973,-8.628,-15.703,547.905,-6.362
4977,-8.647,-17.123,-315.242,-5.776
4982,-8.651,-18.978,-408.582,-4.638
4986,-8.653,-16.925,453.898,-5.033
4991,-8.651,-16.894,6.785,-4.808
4995,-8.638,-15.131,397.869,-4.709
4999,-8.635,-15.161,-6.797,-5.161
5005,-8.658,-19.108,-884.880,-5.613
5009,-8.666,-18.825,62.432,-4.861
5014,-8.690,-19.077,-56.431,-5.719
5018,-8.689,-16.696,532.100,-4.956
5022,-8.688,-18.581,-418.999,-4.535
5027,-8.694,-18.558,5.053,-4.876
5031,-8.678,-15.589,669.402,-4.529
5035,-8.675,-17.841,-499.980,-4.562
5040,-8.672,-17.054,173.797,-4.754
5044,-8.656,-17.001,11.885,-4.112
5050,-8.620,-15.283,384.413,-3.524
5054,-8.606,-17.375,-463.565,-4.074
5058,-8.603,-20.467,-683.378,-3.909
5063,-8.575,-16.581,861.147,-3.552
5067,-8.553,-17.535,-211.668,-3.583
5072,-8.521,-17.841,-67.435,-3.005
5076,-8.497,-16.642,267.516,-3.671
5080,-8.465,-18.543,-419.039,-2.801
5085,-8.424,-16.833,378.302,-2.670
5090,-8.384,-16.260,127.227,-2.822
5095,-8.341,-15.459,177.801,-2.848
5099,-8.304,-15.635,-39.016,-3.032
5103,-8.265,-15.138,110.953,-3.057
5108,-8.206,-14.841,66.158,-2.042
5112,-8.153,-16.886,-457.878,-1.813
5117,-8.113,-15.886,220.264,-2.658
5121,-8.076,-17.253,-302.840,-2.411
5125,-8.026,-18.283,-227.994,-1.562
5131,-7.983,-17.299,217.477,-2.028
5135,-7.939,-17.352,-11.801,-1.908
5140,-7.885,-15.512,409.914,-1.849
5144,-7.843,-16.260,-165.507,-2.183
5148,-7.788,-15.642,137.161,-1.645
5153,-7.736,-14.421,270.935,-2.007
5157,-7.677,-14.467,-10.133,-1.593
5162,-7.636,-17.230,-615.721,-1.833
5166,-7.603,-17.810,-127.787,-1.987
5171,-7.549,-15.970,407.734,-1.411
5176,-7.491,-15.657,69.120,-1.161
5180,-7.428,-13.589,462.590,-1.357
5185,-7.358,-13.795,-45.599,-0.892
5189,-7.289,-13.604,42.598,-0.920
5193,-7.220,-12.184,318.066,-1.136
5198,-7.161,-15.421,-716.705,-0.886
5202,-7.081,-12.383,670.973,-0.395
5207,-7.004,-10.512,415.238,-0.924
5211,-6.929,-12.688,-481.321,-0.420
5217,-6.860,-11.871,181.027,-0.894
5221,-6.801,-12.077,-45.883,-1.225
5225,-6.727,-10.589,332.266,-0.788
5230,-6.665,-14.344,-832.386,-0.474
5234,-6.595,-11.848,551.277,-0.532
5239,-6.522,-11.367,106.492,-0.389
5243,-6.418,-7.451,867.915,0.279
5247,-6.353,-11.260,-854.072,-0.668
5252,-6.249,-8.474,617.522,0.697
5256,-6.151,-6.879,356.757,0.167
5261,-6.073,-8.077,-268.957,-0.477
5266,-5.983,-6.283,399.709,-0.224
5270,-5.907,-8.314,-455.277,-0.331
5275,-5.827,-7.665,144.834,-0.253
5279,-5.746,-7.459,46.171,-0.111
5283,-5.660,-6.108,304.312,-0.111
5288,-5.562,-5.612,111.252,0.440
5292,-5.477,-6.413,-180.362,0.085
5296,-5.387,-6.627,-47.667,0.504
5302,-5.287,-6.100,118.844,0.898
5306,-5.200,-5.192,204.042,0.225
5310,-5.098,-3.497,382.368,0.640
5315,-5.002,-4.001,-113.166,0.560
5319,-4.912,-5.444,-324.651,0.703
5323,-4.803,-5.589,-32.404,1.759
5328,-4.714,-4.115,333.020,0.560
5332,-4.614,-6.665,-573.722,1.715
5336,-4.490,-1.619,1127.302,1.950
5341,-4.384,-1.528,20.392,1.129
5346,-4.270,-3.657,-481.413,2.143
5350,-4.157,-1.520,477.526,1.676
5355,-4.033,-0.199,295.571,2.109
5359,-3.910,-2.054,-417.033,2.586
5364,-3.807,-1.253,179.715,1.504
5368,-3.693,-0.619,142.315,2.006
5372,-3.592,-1.184,-127.112,1.601
5377,-3.523,-4.314,-701.742,0.825
5381,-3.430,2.358,1489.231,0.592
5385,-3.335,0.411,-434.501,1.267
5391,-3.250,-0.749,-259.692,1.046
5395,-3.157,2.495,726.113,0.874
5399,-3.073,1.503,-223.506,0.702
5404,-2.983,2.740,278.272,0.846
5408,-2.918,-0.009,-620.057,0.279
5412,-2.829,3.839,867.297,0.676
5417,-2.730,6.488,595.516,0.702
5421,-2.646,0.640,-1316.966,1.339
5425,-2.564,2.358,382.359,0.953
5431,-2.480,3.594,277.523,0.851
5435,-2.370,5.167,354.171,1.892
5439,-2.286,5.808,144.160,0.559
5444,-2.189,6.014,46.504,1.233
5448,-2.107,4.938,-244.400,0.871
5452,-2.027,7.014,467.222,0.336
5457,-1.962,5.396,-364.815,0.056
5461,-1.876,6.877,331.449,0.835
5465,-1.788,6.831,-10.344,1.037
5470,-1.715,4.984,-417.192,0.782
5475,-1.631,8.877,871.336,0.558
5480,-1.557,9.289,92.591,0.028
5484,-1.481,8.167,-255.263,0.479
5488,-1.390,10.747,577.991,0.728
5493,-1.336,7.694,-682.179,-0.357
5497,-1.254,11.892,936.323,0.113
5501,-1.186,9.969,-428.242,-0.028
5506,-1.108,9.495,-105.549,0.647
5510,-1.048,9.274,-49.769,-0.170
5515,-0.992,10.465,270.154,-0.474
5520,-0.931,7.495,-660.468,0.393
5524,-0.865,9.991,562.203,0.197
5528,-0.808,8.991,-226.244,0.056
5533,-0.748,11.373,535.450,-0.306
5537,-0.677,12.060,153.490,0.141
5541,-0.602,14.159,471.527,0.000
5546,-0.545,13.022,-265.006,-0.479
5550,-0.476,14.648,361.323,-0.335
5554,-0.426,10.098,-1016.447,-0.195
5560,-0.377,11.175,237.497,-0.471
5564,-0.304,14.801,810.088,0.028
5569,-0.257,9.030,-1296.270,0.112
5573,-0.198,14.037,1116.778,-0.390
5577,-0.143,14.717,150.574,-0.732
5582,-0.088,12.915,-401.768,-0.226
5586,-0.020,14.350,319.767,0.137
5590,0.027,15.549,268.235,-1.044
5595,0.078,15.320,-51.209,-0.769
5600,0.128,12.709,-587.463,-0.198
5605,0.161,13.129,93.968,-1.123
5609,0.200,14.572,324.359,-1.034
5613,0.253,17.083,562.097,-0.916
5618,0.285,13.281,-849.313,-1.031
5622,0.310,14.511,273.113,-1.684
5626,0.341,15.320,180.778,-1.488
5631,0.366,16.266,211.854,-1.958
5635,0.369,15.488,-174.112,-2.888
5639,0.404,17.266,396.661,-1.704
5645,0.427,16.839,-95.848,-2.095
5649,0.449,15.297,-346.981,-1.818
5654,0.464,16.327,230.030,-2.375
5658,0.494,18.098,397.440,-1.991
5662,0.514,18.136,8.550,-2.475
5667,0.526,14.152,-908.098,-1.955
5671,0.548,17.175,673.552,-2.148
5675,0.560,15.999,-261.937,-2.348
5680,0.580,16.938,209.583,-2.184
5684,0.594,17.770,186.060,-2.579
5689,0.608,17.205,-126.998,-2.481
5694,0.601,16.488,-160.456,-3.335
5698,0.598,16.549,13.632,-3.203
5702,0.588,17.007,103.436,-3.557
5707,0.573,16.152,-192.040,-3.725
5711,0.536,15.236,-204.289,-4.588
5716,0.529,18.564,744.907,-3.914
5720,0.507,18.121,-99.271,-4.531
5724,0.505,20.136,452.665,-3.963
5730,0.474,16.885,-727.171,-4.766
5734,0.425,15.136,-389.157,-5.310
5738,0.405,16.396,280.647,-4.164
5743,0.373,15.762,-141.806,-4.620
5747,0.359,18.335,574.736,-4.381
5751,0.330,17.083,-279.944,-4.844
5756,0.299,17.304,49.458,-5.006
5760,0.245,14.762,-576.675,-5.555
5765,0.187,14.274,-108.954,-5.821
5769,0.146,14.251,-5.103,-4.970
5774,0.077,14.404,34.761,-6.446
5779,0.030,17.297,653.962,-5.990
5783,-0.018,16.862,-97.559,-6.068
5787,-0.064,17.732,195.821,-6.173
5792,-0.144,14.060,-818.128,-7.139
5796,-0.189,16.030,436.495,-5.984
5800,-0.255,15.495,-119.488,-6.839
5805,-0.305,15.236,-57.882,-6.118
5809,-0.359,14.541,-155.474,-6.197
5814,-0.425,14.098,-98.564,-6.738
5819,-0.487,16.969,643.549,-7.240
5823,-0.558,13.579,-755.195,-7.012
5828,-0.620,15.190,357.613,-7.017
5832,-0.703,10.518,-1043.735,-7.104
5836,-0.772,12.755,492.652,-6.971
5841,-0.852,11.388,-303.917,-7.271
5845,-0.915,12.511,248.261,-6.782
5850,-0.993,9.701,-625.370,-6.941
5854,-1.075,10.564,193.234,-7.429
5859,-1.154,10.030,-119.062,-7.230
5864,-1.243,11.969,431.257,-8.218
5868,-1.320,12.190,49.107,-7.796
5873,-1.409,8.671,-790.450,-7.665
5877,-1.482,14.052,1205.573,-8.110
5881,-1.586,7.808,-1375.391,-8.423
5886,-1.681,10.564,610.214,-8.695
5890,-1.768,9.823,-164.109,-8.190
5894,-1.871,7.541,-512.218,-8.578
5900,-1.965,7.625,18.743,-8.226
5904,-2.064,7.136,-110.232,-8.495
5909,-2.156,8.022,198.542,-8.401
5913,-2.258,7.167,-191.524,-8.847
5917,-2.353,7.381,47.710,-8.627
5922,-2.442,6.564,-184.128,-8.226
5926,-2.515,9.785,719.057,-8.205
5930,-2.614,6.503,-735.974,-8.884
5935,-2.718,5.289,-271.166,-9.014
5939,-2.841,0.747,-1013.836,-9.036
5944,-2.918,6.656,1312.977,-8.126
5949,-3.010,7.167,113.555,-9.101
5953,-3.089,6.129,-233.191,-8.297
5958,-3.180,5.434,-154.919,-8.843
5962,-3.288,0.518,-1097.328,-8.695
5966,-3.369,4.625,911.827,-8.368
5971,-3.454,3.770,-191.352,-8.417
5975,-3.545,5.114,300.159,-9.144
5979,-3.643,1.732,-757.545,-8.829
5985,-3.752,1.159,-127.794,-9.319
5989,-3.854,0.938,-49.458,-9.060
5994,-3.945,1.633,157.447,-8.786
5998,-4.048,-0.169,-403.930,-9.067
6002,-4.143,3.526,826.915,-9.527
6007,-4.232,1.579,-434.501,-8.938
6011,-4.335,-2.818,-982.338,-8.767
6015,-4.413,1.281,913.377,-8.535
6020,-4.505,-0.864,-480.950,-8.841
6024,-4.583,0.953,405.534,-8.618
6029,-4.684,-1.283,-501.489,-9.315
6034,-4.787,-5.573,-954.198,-8.642
6038,-4.881,-1.909,814.974,-9.034
6043,-4.965,-2.772,-192.888,-8.467
6047,-5.050,-2.184,131.202,-8.763
6051,-5.130,-2.260,-17.146,-8.570
6056,-5.215,-3.932,-376.861,-8.502
6060,-5.306,-6.291,-524.639,-8.405
6064,-5.383,-1.741,1012.827,-8.763
6070,-5.461,-3.047,-289.305,-8.590
6074,-5.545,-5.093,-456.652,-8.527
6079,-5.614,-5.894,-177.959,-7.722
6083,-5.703,-6.192,-66.335,-8.719
6087,-5.800,-5.726,104.781,-9.311
6092,-5.883,-5.825,-22.171,-8.659
6096,-5.980,-8.497,-600.664,-8.861
6100,-6.068,-7.955,120.441,-8.654
6105,-6.136,-5.177,622.452,-8.300
6109,-6.184,-6.543,-304.459,-7.115
6115,-6.260,-8.024,-329.385,-8.192
6119,-6.335,-7.558,103.570,-8.388
6123,-6.397,-7.795,-53.106,-7.732
6128,-6.468,-7.978,-41.188,-8.190
6132,-6.536,-7.864,25.766,-8.175
6136,-6.590,-7.772,20.631,-7.511
6141,-6.650,-9.024,-281.961,-7.626
6145,-6.739,-11.833,-625.927,-8.499
6149,-6.807,-13.177,-297.237,-7.233
6155,-6.858,-7.818,1179.309,-7.600
6159,-6.924,-9.062,-276.015,-8.197
6164,-6.982,-11.344,-508.113,-7.319
6168,-7.036,-10.459,194.700,-7.339
6173,-7.106,-13.864,-757.921,-7.486
6177,-7.151,-11.115,604.242,-6.853
6181,-7.206,-12.260,-253.327,-7.221
6186,-7.250,-12.238,5.062,-6.668
6190,-7.311,-12.749,-115.192,-7.515
6195,-7.345,-10.711,448.540,-6.631
6200,-7.396,-12.963,-498.210,-7.032
6204,-7.430,-11.489,326.815,-6.544
6209,-7.448,-9.657,405.682,-6.225
6213,-7.486,-13.657,-892.061,-6.315
6218,-7.513,-12.764,197.072,-6.025
6222,-7.533,-11.238,339.572,-6.016
6226,-7.555,-12.115,-194.907,-6.000
6231,-7.587,-14.131,-447.837,-6.000
6235,-7.617,-14.169,-8.437,-5.950
6241,-7.645,-14.024,32.607,-5.952
6245,-7.662,-10.596,767.805,-6.190
6249,-7.674,-11.741,-254.001,-5.697
6254,-7.693,-11.810,-15.213,-5.980
6258,-7.714,-13.413,-357.186,-5.803
6263,-7.728,-12.833,128.239,-5.573
6267,-7.733,-15.146,-513.538,-4.648
6271,-7.733,-14.245,199.108,-4.584
6276,-7.730,-10.512,831.734,-5.263
6280,-7.719,-10.673,-35.466,-4.778
6286,-7.730,-14.482,-849.500,-5.106
6290,-7.723,-12.856,360.682,-4.545
6294,-7.725,-12.787,15.267,-4.997
6299,-7.721,-11.184,358.465,-5.073
6303,-7.715,-12.375,-264.161,-4.691
6307,-7.713,-12.535,-35.466,-4.819
6312,-7.710,-13.497,-214.503,-4.623
6316,-7.687,-10.986,555.631,-4.125
6321,-7.683,-12.421,-318.631,-4.727
6326,-7.661,-11.413,222.142,-4.050
6331,-7.649,-15.115,-823.463,-3.761
6335,-7.617,-10.093,1108.319,-3.773
6339,-7.590,-11.894,-396.114,-3.644
6344,-7.574,-13.054,-256.705,-3.909
6348,-7.539,-11.825,272.628,-3.216
6353,-7.510,-13.314,-329.034,-3.107
6357,-7.462,-10.322,661.443,-2.832
6361,-7.405,-8.077,496.521,-2.831
6366,-7.374,-12.719,-1038.769,-3.075
6371,-7.341,-12.482,51.804,-2.913
6376,-7.298,-12.230,56.381,-2.517
6380,-7.269,-12.444,-47.838,-3.109
6384,-7.254,-14.047,-358.464,-3.458
6389,-7.223,-11.719,515.554,-3.124
6393,-7.184,-10.245,326.525,-2.986
6398,-7.147,-10.459,-47.288,-3.046
6402,-7.114,-13.115,-591.909,-2.583
6406,-7.081,-10.932,483.010,-3.039
6412,-7.040,-12.925,-443.932,-2.185
6416,-7.001,-11.802,247.385,-2.494
6421,-6.946,-10.413,309.286,-1.936
6425,-6.878,-10.986,-126.552,-1.096
6429,-6.819,-11.925,-207.361,-1.313
6434,-6.777,-12.054,-28.660,-2.012
6438,-6.716,-10.207,412.350,-1.510
6443,-6.635,-6.100,913.450,-1.323
6447,-6.568,-9.482,-755.514,-1.179
6451,-6.512,-8.665,181.671,-1.864
6457,-6.462,-10.581,-426.163,-1.721
6461,-6.402,-6.764,842.187,-1.925
6466,-6.318,-5.207,347.911,-1.071
6470,-6.250,-5.428,-49.414,-1.709
6474,-6.177,-4.131,292.277,-1.711
6479,-6.105,-5.780,-367.392,-1.292
6483,-6.039,-7.780,-445.236,-1.122
6487,-5.950,-3.413,969.452,-0.815
6492,-5.867,-4.551,-254.567,-0.834
6497,-5.809,-7.192,-589.558,-1.386
6502,-5.736,-2.566,1032.579,-1.572
6506,-5.683,-6.512,-873.134,-1.667
6510,-5.619,-5.917,132.788,-1.154
6515,-5.512,-1.864,904.785,0.111
6519,-5.446,-4.100,-502.390,-1.322
6523,-5.383,-5.230,-251.956,-1.124
6528,-5.296,-1.566,817.155,-0.673
6532,-5.215,-2.253,-152.944,-0.787
6537,-5.143,-1.673,129.383,-1.244
6542,-5.079,-2.856,-264.108,-1.285
6546,-5.016,-2.688,37.486,-1.347
6551,-4.947,-0.986,383.744,-1.369
6555,-4.869,0.816,402.846,-1.194
6559,-4.805,0.457,-80.661,-1.794
6564,-4.721,0.289,-38.133,-0.671
6568,-4.639,3.678,764.737,-1.396
6572,-4.584,0.114,-797.870,-1.925
6577,-4.511,1.236,251.150,-1.224
6582,-4.457,-0.879,-473.679,-1.583
6586,-4.389,-0.268,136.436,-1.011
6591,-4.323,1.266,344.025,-1.390
6595,-4.294,0.327,-210.523,-2.944
6600,-4.237,1.480,259.144,-1.741
6604,-4.179,2.854,308.636,-1.965
6608,-4.110,2.610,-54.721,-1.306
6613,-4.048,2.556,-12.067,-1.570
6617,-3.988,2.075,-109.002,-1.472
6621,-3.927,1.793,-63.271,-1.337
6627,-3.871,3.045,282.216,-1.815
6631,-3.807,5.892,638.414,-1.936
6635,-3.738,3.266,-587.725,-1.098
6640,-3.668,6.572,738.459,-1.661
6644,-3.626,3.717,-640.126,-2.385
6648,-3.553,3.984,59.744,-0.838
6653,-3.478,5.579,361.609,-1.036
6657,-3.418,4.785,-178.003,-1.488
6661,-3.362,1.755,-680.102,-1.038
6667,-3.316,4.365,582.743,-1.992
6671,-3.261,5.633,282.852,-1.820
6676,-3.213,4.671,-215.464,-1.865
6680,-3.170,6.930,504.362,-2.582
6684,-3.106,8.022,245.414,-1.735
6689,-3.086,2.297,-1287.138,-2.600
6693,-3.046,5.365,681.328,-2.286
6697,-2.998,5.976,137.171,-1.943
6702,-2.960,7.617,368.317,-2.746
6706,-2.909,7.495,-27.385,-2.050
6711,-2.873,5.579,-434.277,-2.304
6716,-2.832,8.541,662.306,-2.718
6720,-2.805,7.098,-323.486,-3.036
6724,-2.773,8.457,305.756,-3.035
6729,-2.736,5.946,-563.611,-2.236
6733,-2.710,6.900,212.611,-2.940
6737,-2.677,6.801,-22.371,-2.561
6742,-2.645,7.518,161.612,-2.712
6746,-2.583,10.526,673.150,-1.827
6752,-2.550,6.495,-894.085,-2.357
6756,-2.508,10.549,907.215,-2.752
6760,-2.484,7.129,-759.966,-2.894
6765,-2.449,8.961,410.040,-2.721
6769,-2.422,9.068,24.048,-3.046
6773,-2.393,9.640,130.000,-3.066
6778,-2.389,6.999,-597.021,-3.692
6782,-2.372,10.022,677.173,-3.747
6786,-2.366,8.343,-373.862,-3.923
6791,-2.353,8.427,18.777,-3.540
6796,-2.349,9.686,285.740,-4.228
6800,-2.345,10.663,219.672,-4.472
6805,-2.334,9.717,-210.722,-3.938
6809,-2.330,7.465,-504.008,-3.782
6813,-2.333,8.793,298.616,-4.397
6818,-2.319,8.190,-135.335,-3.435
6822,-2.325,8.709,116.074,-4.518
6827,-2.344,6.793,-433.491,-4.733
6831,-2.335,9.831,679.984,-4.072
6835,-2.324,10.022,42.827,-3.952
6841,-2.324,6.358,-823.028,-3.736
6845,-2.306,11.045,1048.082,-3.807
6849,-2.300,6.587,-988.035,-3.475
6854,-2.289,10.511,878.170,-4.039
6858,-2.285,7.251,-724.343,-3.722
6862,-2.291,8.526,285.320,-4.449
6867,-2.297,6.114,-541.341,-3.891
6871,-2.318,7.472,302.758,-5.010
6876,-2.295,13.159,1277.409,-4.034
6881,-2.306,7.823,-1180.504,-4.604
6885,-2.327,9.427,357.186,-5.385
6890,-2.353,9.152,-61.506,-5.641
6894,-2.370,10.541,313.756,-5.513
6898,-2.360,11.831,286.939,-4.472
6903,-2.376,8.427,-757.247,-5.032
6907,-2.403,8.327,-22.191,-5.552
6912,-2.426,7.312,-228.664,-5.116
6916,-2.458,7.969,146.538,-5.786
6920,-2.478,8.663,156.032,-5.367
6926,-2.508,9.213,123.343,-5.971
6930,-2.526,6.900,-519.537,-4.919
6934,-2.550,6.312,-131.673,-5.094
6939,-2.557,9.472,707.320,-4.982
6943,-2.580,8.289,-265.531,-5.515
6947,-2.608,6.999,-288.996,-5.512
6952,-2.614,10.373,755.158,-5.174
6956,-2.655,6.938,-762.681,-6.219
6961,-2.689,7.182,54.623,-5.886
6966,-2.715,10.106,662.062,-6.195
6970,-2.729,7.098,-669.553,-4.975
6975,-2.766,4.549,-572.176,-5.559
6979,-2.788,8.266,830.553,-5.716
6983,-2.814,5.793,-554.051,-5.348
6988,-2.842,6.579,175.661,-5.632
6992,-2.884,7.304,162.891,-6.531
6996,-2.919,6.327,-219.474,-6.019
7001,-2.954,7.358,230.854,-6.300
7005,-3.002,7.930,128.714,-7.083
7010,-3.040,5.419,-567.175,-6.043
7015,-3.078,3.953,-328.032,-5.844
7019,-3.111,3.533,-93.884,-5.484
7023,-3.160,2.373,-261.802,-6.096
7028,-3.205,3.816,322.618,-6.231
7032,-3.237,6.052,501.040,-6.122
7037,-3.287,5.281,-173.179,-6.906
7041,-3.331,4.602,-152.193,-6.477
7045,-3.385,1.885,-608.227,-6.440
7051,-3.415,4.281,535.511,-5.822
7055,-3.467,4.633,78.521,-7.048
7059,-3.498,3.022,-364.409,-5.677
7064,-3.533,6.052,679.492,-6.582
7068,-3.556,4.358,-380.651,-5.597
7072,-3.615,0.388,-886.833,-6.612
7077,-3.651,2.343,437.376,-5.941
7081,-3.694,3.740,312.656,-6.605
7085,-3.726,3.648,-20.520,-6.095
7090,-3.774,0.823,-637.856,-6.303
7095,-3.814,2.625,403.930,-6.359
7099,-3.860,0.594,-457.328,-6.219
7104,-3.888,2.816,497.620,-5.902
7108,-3.948,-0.344,-709.225,-6.780
7113,-3.989,2.923,729.280,-6.639
7117,-4.034,1.915,-226.333,-6.682
7121,-4.088,1.732,-40.967,-7.097
7126,-4.132,4.144,544.764,-7.170
7130,-4.197,-1.070,-1165.863,-7.163
7134,-4.240,0.419,328.453,-6.427
7140,-4.278,1.778,305.206,-6.568
7144,-4.329,0.640,-254.795,-6.954
7148,-4.387,-2.581,-722.930,-6.654
7153,-4.445,-2.268,69.861,-6.810
7157,-4.483,-0.619,373.044,-6.207
7162,-4.537,-0.016,135.335,-7.174
7166,-4.577,0.205,49.502,-6.585
7170,-4.646,-3.680,-884.676,-7.229
7175,-4.688,-3.299,85.120,-6.029
7180,-4.734,-0.589,613.105,-6.855
7184,-4.769,0.961,347.760,-6.684
7189,-4.829,-2.886,-866.515,-7.142
7193,-4.864,-0.115,616.873,-6.535
7197,-4.911,-2.375,-504.813,-6.728
7202,-4.958,-3.848,-327.979,-6.383
7206,-5.015,-2.917,208.065,-7.185
7210,-5.057,-5.001,-466.421,-5.999
7215,-5.107,-3.818,264.345,-6.725
7219,-5.153,-3.146,150.079,-6.759
7225,-5.206,-2.703,99.271,-7.191
7229,-5.249,-2.184,117.122,-6.882
7233,-5.293,-3.177,-221.907,-6.762
7238,-5.332,-4.467,-287.707,-6.254
7242,-5.355,-3.001,325.990,-5.842
7246,-5.379,-5.596,-581.933,-5.298
7251,-5.415,-4.650,211.476,-6.172
7255,-5.435,-1.406,724.168,-6.125
7259,-5.466,-3.856,-546.472,-6.120
7265,-5.485,-1.802,457.539,-6.042
7269,-5.509,-4.421,-587.067,-5.682
7274,-5.562,-6.467,-456.652,-6.756
7278,-5.613,-6.428,8.474,-6.703
7282,-5.626,-0.993,1238.631,-6.046
7287,-5.669,-7.543,-1452.888,-6.107
7291,-5.695,-4.459,681.691,-5.974
7295,-5.731,-6.864,-536.737,-5.976
7300,-5.755,-4.169,599.345,-6.029
7304,-5.780,-3.978,42.674,-6.132
7310,-5.836,-6.635,-601.015,-7.122
7314,-5.877,-7.581,-210.722,-6.216
7318,-5.916,-7.009,127.340,-6.294
7323,-5.940,-4.451,572.861,-6.157
7327,-5.940,-4.039,92.012,-5.046
7331,-5.970,-6.444,-545.504,-6.061
7336,-5.986,-7.344,-201.423,-5.136
7340,-5.993,-6.581,170.089,-4.926
7344,-5.999,-5.344,277.523,-5.090
7350,-6.005,-5.963,-138.389,-4.990
7354,-6.000,-6.177,-47.967,-4.436
7358,-6.015,-6.413,-53.636,-5.333
7363,-6.026,-9.848,-772.283,-4.442
7367,-6.038,-6.138,828.848,-5.263
7372,-6.038,-5.016,251.375,-4.945
7376,-6.051,-9.925,-1101.525,-4.504
7380,-6.051,-4.329,1236.830,-5.113
7385,-6.054,-4.879,-121.921,-5.121
7389,-6.050,-5.879,-222.025,-4.536
7394,-6.054,-7.833,-438.161,-4.566
7399,-6.080,-9.222,-310.114,-5.314
7403,-6.099,-9.024,44.302,-5.045
7408,-6.116,-7.367,375.111,-5.355
7412,-6.147,-9.879,-559.592,-5.513
7416,-6.142,-6.604,727.735,-4.435
7421,-6.128,-7.917,-294.654,-3.690
7425,-6.109,-5.398,560.793,-4.011
7429,-6.101,-7.444,-458.700,-4.076
7435,-6.096,-5.719,385.431,-4.602
7439,-6.104,-7.283,-350.557,-4.883
7444,-6.075,-4.604,597.544,-3.690
7448,-6.050,-3.688,205.942,-4.014
7452,-6.044,-6.986,-741.392,-4.208
7457,-6.035,-7.329,-76.814,-4.012
7461,-6.031,-9.925,-585.609,-3.647
7465,-6.009,-5.283,1035.063,-3.766
7470,-5.994,-5.780,-110.361,-4.027
7474,-5.969,-6.016,-52.822,-3.407
7479,-5.947,-6.093,-17.239,-3.518
7484,-5.922,-6.795,-158.459,-3.259
7488,-5.917,-8.841,-457.469,-3.711
7492,-5.876,-3.596,1165.394,-3.081
7497,-5.859,-5.085,-330.789,-3.897
7501,-5.835,-8.199,-697.069,-2.847
7506,-5.818,-8.367,-37.386,-3.191
7510,-5.809,-6.871,336.675,-3.825
7514,-5.782,-5.009,416.875,-3.396
7520,-5.767,-5.993,-220.990,-3.731
7524,-5.731,-3.467,565.514,-3.212
7528,-5.716,-4.031,-126.203,-4.090
7533,-5.704,-8.925,-1094.170,-3.158
7537,-5.664,-3.245,1255.391,-2.949
7542,-5.644,-3.360,-25.400,-3.942
7546,-5.626,-5.138,-402.040,-3.618
7550,-5.613,-5.604,-103.939,-3.756
7555,-5.605,-7.123,-339.688,-3.632
7559,-5.567,-4.810,515.829,-2.649
7564,-5.529,-5.108,-66.691,-2.572
7569,-5.503,-6.642,-344.953,-2.800
7573,-5.476,-3.329,740.827,-3.386
7577,-5.460,-4.169,-187.599,-3.794
7582,-5.432,-5.436,-283.104,-2.867
7586,-5.402,-5.031,90.147,-2.796
7591,-5.368,-5.406,-84.702,-2.564
7595,-5.335,-4.406,225.225,-2.722
7599,-5.318,-4.696,-64.807,-3.471
7604,-5.265,-0.497,946.455,-2.576
7609,-5.220,-4.199,-829.366,-2.101
7613,-5.184,-3.444,168.088,-2.637
7618,-5.150,-2.474,217.174,-2.958
7622,-5.114,-3.970,-336.070,-2.470
7626,-5.086,-1.848,475.816,-3.342
7631,-5.044,-2.764,-205.572,-2.350
7635,-4.999,-3.467,-156.621,-2.023
7639,-4.950,-0.344,698.152,-2.483
7644,-4.893,0.602,212.234,-2.241
7649,-4.862,-0.696,-291.751,-3.167
7654,-4.811,1.304,447.227,-2.624
7658,-4.767,0.755,-123.122,-2.753
7662,-4.754,-1.115,-418.958,-3.915
7667,-4.705,1.075,488.590,-2.536
7671,-4.679,-2.467,-797.026,-2.834
7675,-4.644,0.198,594.140,-3.005
7680,-4.596,2.564,533.456,-2.782
7684,-4.561,0.587,-442.502,-2.970
7688,-4.532,-2.138,-613.782,-2.635
7694,-4.510,-1.199,209.023,-3.196
7698,-4.490,-2.726,-341.700,-2.925
7702,-4.446,0.740,777.749,-2.437
7707,-4.400,-0.482,-274.343,-2.058
7711,-4.357,1.213,379.287,-2.502
7716,-4.322,-0.604,-407.353,-2.455
7720,-4.289,-1.138,-119.275,-2.419
7724,-4.246,1.068,491.995,-2.382
7729,-4.220,1.259,42.866,-3.235
7734,-4.197,-1.199,-556.112,-2.804
7738,-4.149,2.892,914.120,-2.418
7743,-4.127,-1.566,-1001.351,-2.704
7747,-4.098,0.457,447.544,-2.802
7751,-4.059,1.129,151.296,-2.382
7756,-4.013,2.297,262.340,-2.283
7760,-3.978,0.449,-414.571,-2.325
7764,-3.944,3.343,649.266,-3.002
7769,-3.924,-1.856,-1169.773,-2.557
7773,-3.895,1.671,780.247,-2.830
7779,-3.854,1.625,-10.279,-2.219
7783,-3.821,3.136,341.031,-2.858
7787,-3.775,0.724,-540.855,-1.686
7792,-3.736,2.938,495.466,-2.499
7796,-3.696,1.556,-310.629,-2.076
7800,-3.672,1.373,-41.078,-2.791
7805,-3.653,2.289,207.434,-3.212
7809,-3.626,2.404,25.766,-2.834
7813,-3.592,4.640,507.405,-2.893
7819,-3.565,1.556,-693.962,-2.589
7823,-3.526,4.259,603.729,-2.581
7827,-3.503,0.678,-802.005,-2.513
7832,-3.469,5.869,1167.005,-3.066
7836,-3.459,3.083,-621.378,-3.644
7840,-3.429,4.633,346.826,-3.010
7845,-3.411,3.984,-145.876,-3.362
7849,-3.397,2.999,-220.990,-3.375
7853,-3.383,4.121,252.279,-3.598
7858,-3.379,3.953,-37.688,-4.052
7863,-3.383,2.404,-351.228,-4.078
7867,-3.375,2.999,133.862,-3.626
7872,-3.372,2.365,-142.572,-3.779
7876,-3.363,5.030,595.202,-4.030
7881,-3.355,5.594,127.456,-4.145
7885,-3.344,4.175,-319.498,-3.731
7889,-3.329,3.274,-201.063,-3.314
7894,-3.296,5.182,426.744,-2.793
7898,-3.278,5.014,-37.621,-3.520
7902,-3.273,3.717,-293.865,-3.816
7908,-3.247,4.365,145.093,-2.944
7912,-3.229,3.801,-126.884,-3.189
7916,-3.230,2.816,-220.990,-3.881
7921,-3.226,3.969,258.911,-3.873
7925,-3.233,2.343,-364.237,-4.092
7929,-3.225,3.816,328.564,-3.656
7934,-3.224,4.373,125.057,-4.161
7938,-3.222,6.762,536.683,-4.598
7942,-3.203,4.663,-471.103,-3.271
7948,-3.189,6.365,381.337,-3.895
7952,-3.214,2.343,-901.996,-4.938
7957,-3.216,1.823,-116.178,-3.730
7961,-3.225,3.564,389.888,-4.445
7965,-3.240,3.938,83.717,-4.839
7970,-3.257,1.533,-544.023,-4.447
7974,-3.262,3.404,418.583,-4.217
7978,-3.272,3.075,-73.796,-4.468
7983,-3.273,5.633,580.666,-4.502
7987,-3.284,3.678,-437.768,-4.662
7992,-3.298,2.075,-359.107,-4.410
7997,-3.318,5.762,828.172,-5.561
8001,-3.325,4.198,-349.930,-4.602
8005,-3.348,3.671,-118.204,-5.259
8010,-3.360,4.900,275.315,-5.023
8014,-3.378,3.297,-360.723,-5.002
8018,-3.376,3.488,42.713,-4.039
8023,-3.421,-1.741,-1185.178,-5.215
8027,-3.438,1.259,661.376,-4.560
8033,-3.462,4.793,796.743,-5.702
8037,-3.481,2.511,-511.758,-4.929
8041,-3.515,4.388,420.291,-6.181
8046,-3.557,1.037,-750.032,-5.829
8050,-3.591,1.938,201.603,-5.666
8054,-3.634,1.098,-189.291,-6.010
8059,-3.662,2.709,361.790,-5.627
8063,-3.715,-0.245,-664.163,-6.216
8067,-3.764,2.289,565.703,-6.672
8072,-3.807,-0.902,-718.011,-5.755
8077,-3.876,-3.932,-678.275,-6.356
8081,-3.924,1.938,1307.983,-6.736
8086,-3.971,-0.016,-434.653,-6.237
8090,-4.010,0.388,90.228,-6.043
8095,-4.045,0.365,-5.214,-5.794
8099,-4.064,-0.978,-307.018,-4.818
8103,-4.102,0.167,256.735,-6.006
8107,-4.145,-3.810,-897.360,-5.422
8112,-4.172,1.213,1121.183,-5.747
8116,-4.215,-3.024,-938.140,-5.661
8122,-4.246,-0.566,548.175,-5.644
8126,-4.293,-3.444,-642.954,-5.829
8130,-4.329,-3.314,28.967,-5.358
8135,-4.372,-2.772,122.289,-5.890
8139,-4.411,-2.360,92.259,-5.821
8143,-4.456,-4.573,-501.300,-5.678
8148,-4.486,-0.283,957.606,-5.891
8152,-4.529,-3.589,-739.120,-5.855
8156,-4.571,-5.749,-482.642,-5.323
8162,-4.567,-2.123,807.922,-3.938
8166,-4.585,-1.894,51.301,-5.027
8171,-4.588,-3.344,-329.034,-4.030
8175,-4.603,-4.925,-353.977,-4.247
8179,-4.593,-2.238,599.247,-3.625
8184,-4.605,-5.009,-619.632,-4.099
8188,-4.623,-5.115,-23.983,-4.360
8192,-4.637,-2.451,600.569,-4.824
8197,-4.637,-3.070,-138.265,-3.943
8201,-4.629,-0.963,471.125,-4.022
8206,-4.621,-2.741,-398.438,-3.631
8211,-4.641,-5.734,-667.343,-4.392
8215,-4.671,-4.978,168.538,-5.013
8220,-4.644,-2.199,624.691,-2.865
8224,-4.657,-4.741,-569.441,-4.234
8228,-4.656,-4.726,3.399,-3.561
8233,-4.645,-2.635,476.664,-3.564
8237,-4.631,-3.902,-283.865,-3.060
8241,-4.630,-6.299,-534.555,-3.205
8247,-4.620,-4.505,401.498,-3.155
8251,-4.622,-5.421,-205.020,-3.533
8255,-4.624,-7.398,-443.694,-3.105
8260,-4.608,-3.749,814.477,-2.991
8264,-4.586,-3.497,56.280,-2.742
8268,-4.603,-7.772,-966.277,-3.788
8273,-4.576,-1.787,1337.072,-2.862
8277,-4.557,-3.421,-362.697,-2.825
8282,-4.561,-3.909,-108.954,-3.909
8286,-4.545,-2.306,358.465,-3.280
8291,-4.535,-5.665,-755.801,-2.813
8296,-4.533,-3.199,550.368,-3.697
8300,-4.509,-3.741,-120.979,-2.541
8304,-4.477,-2.215,341.090,-2.418
8309,-4.457,-3.207,-222.504,-2.755
8313,-4.453,-6.062,-638.980,-2.946
8318,-4.430,-3.360,602.652,-2.546
8322,-4.411,-3.581,-49.547,-2.739
8326,-4.403,-4.192,-137.048,-3.053
8332,-4.392,-2.184,448.934,-3.409
8336,-4.376,-5.306,-698.777,-2.392
8340,-4.354,-3.726,352.713,-2.477
8345,-4.345,-5.276,-346.516,-2.752
8349,-4.327,-3.207,460.121,-2.757
8353,-4.323,-4.726,-339.992,-3.057
8358,-4.306,-2.543,486.888,-2.949
8362,-4.316,-4.764,-497.174,-3.764
8367,-4.293,-2.612,479.223,-2.596
8371,-4.280,-4.260,-367.720,-2.663
8376,-4.261,-1.940,517.531,-2.918
8381,-4.266,-5.520,-801.288,-3.333
8385,-4.259,-4.154,304.459,-2.968
8389,-4.244,-3.115,232.565,-2.841
8394,-4.247,-6.489,-754.483,-2.986
8398,-4.228,-1.115,1197.426,-3.052
8403,-4.206,-3.467,-521.550,-2.342
8407,-4.190,-2.009,325.741,-2.986
8411,-4.173,-2.085,-17.116,-2.887
8417,-4.162,-2.146,-13.779,-3.127
8421,-4.149,-3.093,-213.190,-2.828
8425,-4.140,-0.283,627.605,-3.639
8430,-4.127,-1.696,-316.924,-3.120
8434,-4.118,-4.657,-660.533,-2.662
8438,-4.121,-4.856,-44.184,-3.212
8443,-4.116,-1.260,810.509,-3.617
8447,-4.130,-1.948,-153.765,-4.348
8452,-4.105,1.388,748.626,-3.226
8456,-4.090,-2.467,-867.453,-2.779
8461,-4.105,-4.909,-546.232,-3.763
8466,-4.094,-1.421,778.694,-3.262
8470,-4.089,-2.054,-141.679,-3.383
8474,-4.093,-3.665,-361.465,-3.485
8479,-4.096,-2.955,158.891,-3.607
8483,-4.069,-1.367,356.325,-2.466
8487,-4.067,-4.573,-717.571,-2.956
8492,-4.046,-0.474,913.377,-2.901
8496,-4.041,-2.703,-501.126,-3.209
8502,-4.039,0.030,611.644,-3.938
8506,-4.033,-1.131,-261.566,-3.524
8510,-4.015,-0.360,172.097,-3.052
8515,-4.001,-2.115,-395.078,-2.818
8519,-4.004,-3.352,-275.790,-3.447
8523,-3.983,0.923,957.619,-3.143
8528,-3.978,-2.154,-691.001,-3.253
8532,-3.957,-0.604,346.826,-2.786
8536,-3.947,-3.619,-676.676,-2.692
8541,-3.943,-5.635,-450.238,-2.505
8546,-3.921,-2.100,787.511,-2.396
8550,-3.886,0.007,472.392,-2.161
8555,-3.878,-3.001,-677.395,-2.819
8559,-3.836,2.114,1142.651,-2.268
8564,-3.810,-1.558,-814.498,-2.162
8568,-3.770,-2.451,-199.181,-1.265
8572,-3.720,-0.627,406.875,-1.178
8577,-3.666,-1.207,-130.079,-0.755
8581,-3.632,-0.741,104.125,-1.791
8585,-3.599,-1.635,-199.359,-1.627
8591,-3.570,-1.627,1.704,-1.800
8595,-3.533,-1.337,66.167,-1.390
8599,-3.482,-0.673,149.712,-0.837
8604,-3.434,0.037,159.033,-1.124
8608,-3.394,-0.428,-104.687,-1.324
8613,-3.346,1.526,435.816,-1.329
8617,-3.320,-2.680,-940.543,-1.475
8621,-3.260,0.434,694.582,-0.400
8626,-3.223,0.030,-91.369,-1.408
8631,-3.167,0.259,51.671,-0.483
8635,-3.117,1.014,171.133,-0.920
8640,-3.050,3.549,569.773,-0.520
8644,-2.994,2.740,-181.916,-0.854
8648,-2.960,0.083,-595.625,-1.316
8653,-2.919,-0.482,-126.203,-0.771
8657,-2.876,0.495,218.297,-0.887
8661,-2.847,1.411,206.872,-1.746
8666,-2.804,-1.093,-561.898,-0.430
8670,-2.772,1.228,518.456,-1.501
8675,-2.751,-0.070,-291.751,-1.693
8680,-2.718,-1.673,-357.824,-0.765
8684,-2.685,1.801,772.527,-1.457
8689,-2.638,4.419,586.541,-1.290
8693,-2.589,3.724,-155.474,-1.008
8697,-2.539,2.572,-257.753,-0.636
8702,-2.500,0.587,-443.021,-0.746
8706,-2.456,0.228,-80.516,-0.344
8710,-2.437,0.022,-46.715,-1.490
8716,-2.397,1.869,417.192,-0.866
8720,-2.376,3.159,288.996,-2.033
8724,-2.328,4.564,315.211,-0.943
8729,-2.297,3.236,-296.483,-1.486
8733,-2.289,-1.406,-1037.840,-1.627
8737,-2.288,3.343,1050.463,-2.955
8742,-2.300,3.656,69.736,-3.711
8746,-2.289,4.969,297.862,-2.795
8750,-2.323,-2.070,-1578.065,-3.544
8755,-2.327,1.259,739.610,-2.831
8760,-2.339,1.839,129.963,-3.311
8765,-2.343,-0.077,-430.375,-2.541
8769,-2.346,1.365,322.042,-2.769
8773,-2.346,1.014,-78.874,-2.551
8778,-2.346,0.365,-146.402,-2.445
8782,-2.339,1.274,203.859,-2.278
8786,-2.316,3.533,507.991,-1.933
8791,-2.305,0.129,-761.310,-1.823
8795,-2.280,0.381,56.381,-1.151
8800,-2.261,1.129,170.021,-1.565
8805,-2.248,-0.383,-339.194,-1.511
8809,-2.232,1.289,372.163,-1.733
8813,-2.223,-0.192,-332.342,-1.723
8818,-2.209,1.877,460.941,-1.980
8822,-2.208,-0.955,-636.132,-1.918
8827,-2.187,4.236,1157.636,-2.085
8831,-2.191,1.030,-711.835,-2.608
8835,-2.182,3.518,557.471,-2.551
8840,-2.199,0.442,-688.526,-3.097
8845,-2.229,-2.596,-681.204,-3.157
8849,-2.230,3.564,1377.528,-3.033
8854,-2.244,0.060,-780.013,-2.954
8858,-2.260,0.098,8.589,-3.050
8862,-2.288,-1.398,-344.743,-3.391
8867,-2.298,0.449,411.615,-2.875
8871,-2.318,-1.497,-438.021,-2.976
8875,-2.336,-1.322,39.190,-2.934
8880,-2.332,2.030,758.864,-2.586
8884,-2.347,-0.207,-501.489,-3.023
8890,-2.362,-0.192,3.417,-3.036
8894,-2.354,1.343,350.629,-2.239
8898,-2.368,-0.535,-421.045,-2.951
8903,-2.361,0.190,161.729,-2.074
8907,-2.372,-1.009,-270.414,-2.695
8911,-2.376,0.037,233.438,-2.555
8916,-2.374,3.220,715.006,-2.990
8920,-2.372,1.396,-411.278,-2.578
8924,-2.373,0.518,-195.777,-2.565
8930,-2.374,1.030,114.675,-2.636
8934,-2.385,-0.535,-352.452,-2.780
8938,-2.403,-0.543,-1.705,-3.163
8943,-2.412,0.190,166.854,-2.900
8947,-2.435,-2.489,-605.649,-3.016
8951,-2.428,1.106,803.985,-2.351
8956,-2.415,1.472,82.303,-2.076
8960,-2.421,-0.566,-461.960,-2.586
8964,-2.416,0.801,306.096,-2.381
8969,-2.414,-1.016,-409.926,-2.082
8974,-2.398,0.335,301.326,-1.702
8978,-2.402,1.190,192.559,-2.831
8983,-2.389,1.129,-13.729,-2.032
8987,-2.360,1.625,111.955,-1.293
8991,-2.351,1.762,30.808,-2.259
8996,-2.342,0.694,-242.666,-2.083
9000,-2.336,-0.299,-222.703,-1.978
9004,-2.336,-0.390,-20.447,-2.235
9009,-2.338,-1.680,-291.082,-2.052
9014,-2.332,0.129,404.191,-2.090
9018,-2.298,0.747,139.136,-0.790
9023,-2.271,3.724,671.122,-1.761
9027,-2.260,-1.184,-1100.537,-1.466
9032,-2.229,1.472,586.162,-1.025
9036,-2.194,1.228,-54.623,-0.726
9040,-2.154,0.831,-89.645,-0.395
9045,-2.109,2.243,318.353,-0.398
9049,-2.079,1.999,-54.819,-1.059
9053,-2.045,4.281,514.992,-1.277
9059,-2.023,2.778,-336.575,-1.578
9063,-1.984,5.175,534.555,-1.223
9067,-1.993,1.220,-885.797,-2.676
9072,-1.980,5.327,917.531,-2.507
9076,-1.988,2.503,-634.988,-2.935
9080,-2.002,-1.047,-796.593,-2.449
9085,-1.999,3.938,1116.652,-2.741
9089,-1.991,4.572,140.797,-2.571
9094,-1.998,1.419,-707.512,-2.670
9099,-2.000,3.991,574.736,-2.995
9103,-2.013,1.877,-476.669,-3.014
9108,-2.008,2.304,95.848,-2.302
9112,-2.036,0.350,-444.945,-3.490
9116,-2.039,-0.398,-168.641,-2.053
9121,-2.037,1.816,495.022,-2.379
9125,-2.032,0.900,-205.757,-1.964
9129,-2.028,-1.123,-455.198,-1.569
9134,-1.987,3.427,1016.447,-0.740
9138,-1.946,4.381,211.856,-0.929
9143,-1.905,2.068,-518.605,-0.357
9148,-1.850,4.106,457.809,-0.030
9152,-1.801,3.434,-150.889,-0.150
9156,-1.783,0.740,-605.269,-1.080
9161,-1.776,3.350,584.831,-2.163
9165,-1.773,1.885,-328.032,-2.039
9170,-1.762,4.236,526.690,-2.110
9174,-1.753,5.625,311.785,-2.580
9178,-1.753,2.953,-599.586,-2.361
9184,-1.761,1.228,-385.087,-2.418
9188,-1.780,0.640,-131.437,-2.876
9192,-1.810,1.068,96.193,-3.508
9197,-1.817,2.762,386.555,-2.732
9201,-1.816,1.885,-196.654,-2.189
9205,-1.817,1.381,-112.359,-2.207
9210,-1.819,2.770,311.226,-2.480
9214,-1.825,3.159,87.525,-2.831
9218,-1.816,3.419,58.720,-2.128
9223,-1.830,2.678,-167.676,-3.084
9228,-1.835,1.312,-306.921,-2.367
9232,-1.829,2.014,156.901,-1.960
9237,-1.867,1.083,-209.563,-3.969
9241,-1.876,4.495,765.070,-3.327
9245,-1.892,2.930,-351.818,-3.299
9250,-1.910,-0.238,-709.028,-2.747
9254,-1.929,4.190,990.045,-3.783
9259,-1.950,5.427,278.022,-4.167
9263,-1.961,4.747,-152.466,-3.519
9267,-2.003,0.175,-1025.228,-4.086
9273,-2.032,2.770,578.818,-4.088
9277,-2.099,0.480,-514.855,-5.478
9281,-2.120,1.511,231.893,-3.489
9286,-2.177,3.923,542.314,-5.790
9290,-2.227,1.831,-469.390,-5.113
9294,-2.295,0.388,-322.330,-5.670
9299,-2.347,5.037,1043.280,-6.024
9303,-2.449,-2.375,-1650.092,-6.942
9307,-2.533,1.999,970.285,-7.046
9313,-2.607,-1.360,-754.443,-5.939
9317,-2.694,1.846,714.373,-7.376
9322,-2.766,1.938,20.502,-6.742
9326,-2.848,0.396,-349.815,-6.927
9330,-2.919,-1.100,-335.768,-6.141
9335,-2.988,0.388,332.266,-6.467
9339,-3.042,1.526,255.252,-6.054
9343,-3.101,1.091,-97.999,-6.230
9348,-3.168,-3.428,-1024.271,-5.668
9352,-3.229,-0.123,729.979,-6.196
9357,-3.305,-5.169,-1128.310,-5.922
9362,-3.356,-2.054,687.832,-5.377
9366,-3.405,-3.276,-273.360,-5.112
9371,-3.447,-5.283,-448.533,-4.326
9375,-3.471,0.671,1329.062,-4.819
9379,-3.511,-3.375,-903.888,-4.708
9384,-3.543,-3.108,59.637,-4.432
9388,-3.564,-2.650,103.717,-4.004
9392,-3.589,-2.612,8.581,-4.270
9398,-3.616,-3.016,-92.201,-4.279
9402,-3.636,-2.291,163.479,-4.127
9406,-3.645,0.526,633.272,-4.202
9411,-3.663,-2.696,-724.230,-3.945
9415,-3.700,-4.016,-294.779,-4.635
9419,-3.731,-1.650,530.110,-4.897
9424,-3.771,-2.100,-100.711,-5.240
9428,-3.831,-4.741,-590.085,-5.755
9432,-3.889,-1.535,715.010,-6.399
9437,-3.957,-2.115,-129.962,-6.809
9442,-4.027,-5.780,-818.615,-6.214
9447,-4.100,-3.680,467.744,-6.867
9451,-4.196,-6.444,-620.701,-7.459
9455,-4.243,-4.062,531.151,-5.659
9460,-4.305,-5.085,-228.530,-6.260
9464,-4.335,-1.680,762.675,-5.425
9468,-4.348,-6.177,-1001.823,-3.640
9473,-4.348,-4.199,437.411,-3.414
9477,-4.332,-2.283,428.068,-3.039
9483,-4.327,-4.520,-500.591,-3.067
9487,-4.316,-3.375,255.589,-3.071
9491,-4.283,-2.864,114.984,-2.015
9496,-4.255,-3.841,-218.688,-2.075
9500,-4.232,-4.169,-73.138,-2.149
9504,-4.205,-3.596,128.714,-2.133
9509,-4.201,-4.986,-310.947,-2.890
9513,-4.185,-2.093,646.365,-2.961
9518,-4.185,-2.688,-133.144,-3.611
9522,-4.189,-3.169,-107.443,-3.677
9527,-4.200,-0.535,587.330,-4.635
9532,-4.200,-2.100,-351.502,-3.704
9536,-4.230,-3.787,-377.917,-4.871
9540,-4.249,-1.100,600.318,-4.959
9545,-4.278,-1.856,-169.597,-5.303
9549,-4.269,2.656,1006.122,-4.386
9553,-4.272,2.923,59.372,-5.089
9558,-4.280,2.640,-64.075,-5.233
9562,-4.302,-1.879,-1022.417,-4.946
9566,-4.302,-0.642,274.078,-4.184
9572,-4.316,0.991,366.604,-5.206
9576,-4.322,1.091,22.270,-4.859
9580,-4.304,0.785,-69.459,-3.583
9585,-4.261,4.465,833.195,-3.153
9589,-4.234,1.579,-646.972,-3.260
9594,-4.197,0.579,-223.614,-2.473
9598,-4.166,1.831,280.445,-3.072
9602,-4.114,4.106,510.963,-2.475
9607,-4.064,4.480,84.017,-2.584
9612,-4.028,3.915,-128.266,-3.103
9616,-3.988,4.785,195.294,-3.075
9621,-3.943,8.946,937.851,-3.653
9625,-3.876,5.533,-765.757,-1.819
9629,-3.871,4.930,-134.730,-4.692
9634,-3.854,5.976,234.275,-4.350
9638,-3.864,3.648,-523.907,-5.136
9642,-3.854,6.526,645.261,-4.807
9647,-3.874,6.220,-68.647,-6.219
9651,-3.895,6.091,-29.280,-6.234
9656,-3.934,3.862,-504.300,-6.663
9661,-3.946,5.411,347.137,-5.713
9665,-3.993,3.220,-490.779,-6.995
9669,-4.014,4.327,248.177,-6.015
9674,-4.057,4.091,-53.154,-7.061
9678,-4.077,5.182,246.969,-6.162
9682,-4.102,5.656,106.022,-6.577
9687,-4.116,6.007,78.944,-6.101
9691,-4.156,4.785,-276.830,-7.139
9696,-4.171,4.266,-115.764,-5.836
9701,-4.177,5.785,339.384,-5.785
9705,-4.177,3.801,-445.807,-4.972
9710,-4.187,4.533,164.310,-5.683
9714,-4.182,5.075,121.630,-5.021
9718,-4.188,6.793,387.886,-5.974
9723,-4.180,7.343,123.233,-5.410
9727,-4.177,5.907,-322.353,-5.294
9731,-4.157,8.564,592.437,-5.092
9736,-4.151,5.030,-792.455,-4.934
9741,-4.147,7.068,456.170,-5.477
9745,-4.136,7.289,49.859,-5.227
9750,-4.150,4.114,-719.106,-5.694
9754,-4.181,1.152,-660.533,-5.975
9758,-4.204,5.358,938.863,-6.513
9763,-4.232,4.320,-232.982,-6.543
9767,-4.276,2.762,-348.534,-7.005
9771,-4.310,4.449,378.596,-6.943
9776,-4.339,5.289,188.611,-6.941
9780,-4.371,4.991,-66.811,-7.000
9785,-4.408,2.396,-587.731,-6.781
9790,-4.452,1.678,-160.456,-6.937
9794,-4.487,1.839,35.879,-6.608
9799,-4.522,1.159,-154.407,-6.512
9803,-4.559,-0.451,-360.171,-6.267
9807,-4.571,0.740,265.339,-5.330
9812,-4.598,0.449,-65.156,-6.013
9816,-4.610,2.030,357.824,-5.622
9820,-4.623,-1.177,-718.858,-4.995
9826,-4.611,2.854,898.870,-4.660
9830,-4.625,-0.161,-678.503,-5.266
9834,-4.615,3.136,736.754,-4.822
9839,-4.617,1.373,-395.372,-5.023
9843,-4.643,-1.940,-742.820,-5.478
9847,-4.666,0.457,535.511,-5.893
9852,-4.682,4.457,897.666,-6.469
9856,-4.731,-0.192,-1044.217,-7.062
9861,-4.768,1.480,369.857,-6.909
9865,-4.801,3.892,543.291,-7.302
9870,-4.846,0.969,-656.708,-7.234
9875,-4.874,1.724,169.142,-6.647
9879,-4.903,1.656,-15.432,-6.654
9883,-4.941,0.312,-302.865,-6.862
9888,-4.981,-2.192,-560.389,-6.465
9892,-5.021,-1.146,233.022,-6.743
9896,-5.074,-3.283,-480.100,-6.950
9901,-5.111,-2.215,239.405,-6.439
9905,-5.118,-0.367,413.088,-5.386
9910,-5.140,-0.948,-130.079,-6.039
9915,-5.139,0.594,346.047,-5.219
9919,-5.121,1.327,164.754,-4.495
9924,-5.128,-3.085,-991.955,-4.828
9928,-5.159,-4.352,-282.852,-5.716
9932,-5.145,0.274,1026.166,-4.521
9937,-5.135,-3.505,-841.190,-3.871
9941,-5.122,0.068,796.726,-4.511
9945,-5.116,-2.138,-497.319,-4.347
9950,-5.122,-5.505,-751.431,-4.203
9955,-5.105,-2.192,738.844,-3.799
9959,-5.103,-3.344,-258.447,-4.247
9964,-5.075,-0.184,704.796,-3.698
9968,-5.059,-0.780,-133.263,-4.099
9973,-5.044,-3.566,-625.844,-3.532
9977,-5.033,-4.039,-106.117,-3.605
9981,-5.023,-0.688,749.361,-4.395
9986,-5.008,0.625,295.184,-4.376
9990,-5.014,-2.497,-703.184,-4.766
9995,-5.018,-1.825,150.214,-4.837
10000,-5.031,-0.100,387.161,-5.620
10004,-5.057,-6.886,-1508.058,-4.838
10009,-5.064,-1.467,1192.748,-5.080
10013,-5.065,-2.543,-236.661,-4.547
10017,-5.067,-4.077,-340.967,-4.263
10022,-5.036,-0.070,889.794,-3.517
10026,-5.039,-3.909,-855.547,-4.305
10031,-5.030,-0.322,795.871,-4.533
10035,-5.027,-2.665,-521.708,-4.297
10040,-5.026,-0.268,532.182,-4.903
10045,-5.011,0.136,90.147,-4.310
10049,-5.014,-4.993,-1154.314,-4.070
10053,-5.016,-3.871,246.949,-4.265
10058,-5.011,-1.283,576.088,-4.445
10062,-5.007,-3.024,-386.425,-4.164
10067,-4.997,0.953,883.800,-4.725
10071,-5.011,-3.535,-1004.599,-4.900
10075,-4.995,1.678,1146.381,-4.604
10081,-4.987,-1.772,-762.010,-4.192
10085,-4.961,0.274,453.413,-3.736
10090,-4.959,-2.642,-649.739,-4.289
10094,-4.933,-1.199,319.192,-3.376
10099,-4.901,-0.757,98.214,-3.206
10103,-4.868,-2.627,-419.710,-2.668
10107,-4.836,-1.886,163.529,-2.858
10112,-4.785,-0.230,368.764,-2.239
10116,-4.737,0.694,205.259,-2.514
10120,-4.677,1.480,175.192,-2.071
10126,-4.638,-2.825,-960.157,-2.119
10130,-4.592,-1.138,372.576,-2.048
10135,-4.555,-1.115,5.076,-2.513
10139,-4.505,1.572,606.825,-2.374
10143,-4.473,-2.230,-845.535,-2.449
10148,-4.449,-0.551,372.205,-3.131
10152,-4.438,2.220,616.324,-4.407
10157,-4.440,-0.093,-517.213,-4.501
10161,-4.449,2.449,564.886,-5.439
10166,-4.463,1.068,-307.313,-5.376
10171,-4.492,1.396,72.814,-6.249
10175,-4.515,0.457,-210.901,-5.705
10179,-4.570,0.694,52.681,-7.440
10184,-4.599,-0.360,-237.047,-5.919
10188,-4.640,-1.780,-314.682,-6.295
10193,-4.670,1.740,777.870,-6.478
10197,-4.615,4.335,579.852,-2.901
10201,-4.458,2.014,-517.070,2.774
10206,-4.323,-4.459,-1446.220,3.312
10211,-4.377,-2.917,339.345,-6.390
10216,-4.297,-0.199,602.296,-0.330
10220,-4.037,0.778,217.326,8.532
10224,-3.853,1.709,208.624,4.788
10229,-3.713,6.030,967.012,1.808
10233,-3.544,1.182,-1081.993,4.483
10238,-3.485,5.762,1010.625,-1.883
10242,-3.382,3.480,-503.184,0.900
10246,-3.357,1.907,-350.071,-2.546
10252,-3.402,5.778,860.816,-6.878
10256,-3.365,4.877,-200.170,-2.635
10261,-3.337,4.488,-86.437,-2.925
10265,-3.347,6.633,479.231,-5.313
10269,-3.281,3.633,-665.484,-0.839
10274,-3.259,3.465,-37.155,-2.968
10278,-3.258,1.686,-397.725,-3.563
10282,-3.292,3.243,345.749,-5.680
10287,-3.224,3.411,37.419,-0.645
10291,-3.189,5.037,364.237,-2.595
10297,-3.138,1.984,-678.541,-1.033
10301,-3.119,6.549,1009.037,-3.659
10305,-3.055,7.320,169.972,-1.538
10310,-3.257,-9.428,-3731.750,-11.089
10314,-3.286,1.747,2435.827,-5.119
10319,-3.271,2.419,147.833,-3.066
10323,-3.247,4.778,525.575,-3.127
10328,-3.262,2.747,-451.230,-4.608
10332,-3.269,4.762,448.635,-4.664
10337,-3.292,4.182,-128.923,-5.304
10342,-3.278,6.091,424.088,-3.958
10346,-3.318,3.923,-483.915,-6.128
10350,-3.346,6.816,641.208,-6.221
10355,-3.361,7.320,111.860,-5.697
10359,-3.338,6.312,-224.517,-3.606
10364,-3.399,4.663,-365.762,-7.411
10368,-3.428,6.243,349.901,-6.270
10372,-3.472,3.808,-541.618,-6.431
10377,-3.495,6.701,641.777,-6.095
10382,-3.558,4.579,-471.167,-7.657
10387,-3.567,8.793,932.244,-6.000
10391,-3.598,6.984,-403.470,-6.623
10395,-3.640,4.205,-616.377,-6.646
10400,-3.719,2.052,-477.947,-8.028
10404,-3.730,7.579,1225.980,-5.968
10409,-3.774,6.251,-293.599,-7.308
10413,-3.818,3.129,-689.518,-6.645
10418,-3.887,5.388,501.229,-8.445
10423,-3.921,4.114,-283.543,-6.510
10427,-3.961,6.778,589.408,-7.451
10432,-4.011,4.587,-486.853,-7.463
10436,-4.066,5.472,195.906,-7.958
10440,-4.117,5.297,-39.260,-7.798
10445,-4.187,1.801,-779.702,-8.014
10449,-4.274,-1.940,-829.738,-8.098
10454,-4.293,5.541,1658.005,-6.438
10458,-4.368,4.144,-308.241,-8.943
10464,-4.428,2.961,-261.540,-8.044
10468,-4.511,2.098,-191.178,-9.039
10472,-4.549,1.793,-67.854,-6.824
10477,-4.590,4.022,499.330,-7.469
10481,-4.634,1.442,-572.858,-7.118
10485,-4.665,2.610,259.081,-6.754
10490,-4.688,2.198,-91.930,-6.306
10494,-4.716,0.335,-417.997,-6.166
10499,-4.737,2.877,563.383,-6.371
10503,-4.759,0.091,-618.619,-5.855
10508,-4.760,0.854,169.786,-5.023
10513,-4.750,0.961,23.940,-4.472
10517,-4.755,-0.031,-223.909,-4.956
10521,-4.737,1.755,396.947,-4.262
10526,-4.748,0.236,-338.175,-5.357
10530,-4.743,-0.795,-228.399,-4.328
10535,-4.749,-0.131,147.321,-4.978
10539,-4.741,3.747,864.051,-5.184
10543,-4.776,-0.222,-881.320,-6.422
10548,-4.791,1.228,320.597,-5.814
10553,-4.808,1.007,-49.151,-5.893
10558,-4.840,1.274,60.066,-6.682
10562,-4.877,-0.375,-370.363,-6.606
10566,-4.915,-1.787,-313.825,-6.365
10571,-4.986,-1.131,145.112,-8.217
10575,-5.017,2.549,813.304,-7.104
10580,-5.074,-4.810,-1641.119,-6.790
10584,-5.105,-4.260,120.955,-5.671
10588,-5.127,-1.077,706.124,-5.977
10594,-5.145,-2.184,-245.317,-5.529
10598,-5.135,-2.138,10.133,-4.210
10603,-5.114,0.121,506.170,-4.100
10607,-5.078,-1.749,-417.089,-2.938
10611,-5.042,-1.680,15.267,-2.904
10616,-4.999,-0.619,238.550,-2.726
10620,-4.968,-2.276,-369.093,-2.976
10624,-4.920,1.236,778.247,-2.858
10629,-4.868,2.228,221.510,-2.802
10633,-4.829,-1.589,-849.687,-2.552
10639,-4.799,-3.077,-329.617,-2.668
10643,-4.736,-0.299,613.654,-1.577
10647,-4.708,-0.131,37.320,-3.288
10652,-4.659,3.030,711.781,-2.931
10656,-4.635,2.083,-210.722,-3.918
10661,-4.581,4.709,582.510,-2.983
10665,-4.575,-1.001,-1274.536,-4.025
10669,-4.552,2.381,742.900,-3.972
10674,-4.538,1.014,-304.731,-4.076
10679,-4.525,0.075,-208.466,-3.915
10684,-4.504,3.488,759.620,-4.218
10688,-4.478,6.274,620.271,-4.619
10692,-4.482,1.434,-1078.363,-4.971
10697,-4.482,1.373,-13.439,-4.816
10701,-4.487,0.014,-304.386,-4.722
10706,-4.464,4.572,1014.526,-4.317
10710,-4.461,-0.154,-1043.549,-4.319
10714,-4.460,1.854,439.885,-4.809
10720,-4.465,1.220,-141.552,-4.989
10724,-4.446,2.816,353.909,-4.110
10729,-4.448,3.518,156.482,-5.340
10733,-4.426,2.411,-246.849,-3.861
10737,-4.420,4.045,363.342,-5.050
10742,-4.400,3.991,-11.938,-4.289
10746,-4.379,5.457,328.916,-4.548
10750,-4.381,0.625,-1076.662,-4.599
10755,-4.381,1.892,280.101,-4.783
10759,-4.367,4.327,541.618,-4.665
10765,-4.346,6.030,377.951,-4.626
10769,-4.324,3.518,-560.092,-4.003
10773,-4.271,9.190,1258.153,-3.734
10778,-4.229,5.686,-773.128,-3.443
10782,-4.202,1.762,-871.151,-3.242
10787,-4.172,5.358,796.151,-3.917
10791,-4.137,5.259,-22.053,-3.550
10795,-4.114,3.930,-297.813,-3.829
10800,-4.082,6.159,494.456,-3.917
10804,-4.066,5.106,-234.723,-4.399
10810,-4.044,6.343,274.565,-4.351
10814,-4.020,5.198,-255.133,-3.971
10818,-4.029,4.129,-237.701,-5.404
10823,-4.013,4.701,127.340,-4.255
10827,-4.016,6.259,346.981,-5.521
10832,-4.008,6.923,147.583,-5.174
10836,-4.016,5.915,-224.718,-5.716
10840,-4.018,3.999,-424.652,-4.992
10845,-4.018,6.129,472.443,-5.359
10850,-4.023,5.243,-196.602,-5.448
10855,-4.034,5.839,132.551,-5.826
10859,-4.063,3.205,-585.242,-6.205
10863,-4.062,4.938,384.048,-5.103
10868,-4.069,5.663,161.584,-5.672
10872,-4.075,6.304,142.367,-5.722
10877,-4.102,3.854,-545.499,-6.319
10881,-4.113,8.014,921.237,-6.406
10885,-4.114,7.846,-37.287,-5.908
10891,-4.141,2.953,-1095.150,-6.107
10895,-4.160,3.694,162.524,-5.899
10900,-4.162,6.327,586.284,-5.652
10904,-4.179,7.136,179.813,-6.591
10908,-4.178,8.022,196.602,-5.886
10913,-4.185,5.404,-583.405,-5.747
10917,-4.181,4.549,-189.654,-4.983
10921,-4.168,6.946,533.129,-5.029
10926,-4.173,6.434,-113.858,-5.836
10930,-4.172,5.243,-263.693,-5.320
10936,-4.168,6.999,389.815,-5.483
10940,-4.196,6.816,-40.712,-7.108
10944,-4.198,9.129,516.290,-6.259
10949,-4.230,5.175,-877.930,-6.954
10953,-4.249,5.625,99.996,-6.417
10958,-4.280,4.877,-167.583,-6.854
10962,-4.285,6.732,411.482,-6.016
10966,-4.286,6.220,-113.858,-5.702
10971,-4.307,5.755,-103.294,-6.620
10976,-4.321,8.167,535.096,-6.838
10981,-4.300,6.617,-343.748,-4.729
10985,-4.310,4.556,-458.015,-5.808
10989,-4.280,7.617,680.843,-4.475
10994,-4.288,5.052,-570.990,-5.789
10998,-4.271,5.976,204.894,-4.775
11003,-4.310,5.350,-139.225,-7.392
11007,-4.316,10.320,1099.439,-6.867
11011,-4.328,5.495,-1052.449,-6.190
11016,-4.407,4.297,-263.749,-9.201
11021,-4.383,9.701,1195.704,-5.385
11026,-4.428,6.678,-667.602,-8.118
11030,-4.459,5.281,-308.786,-7.139
11035,-4.500,9.388,909.404,-8.575
11039,-4.508,6.709,-597.544,-6.399
11043,-4.540,7.953,276.260,-7.847
11048,-4.568,2.946,-1114.789,-6.586
11052,-4.623,5.801,628.293,-8.613
11057,-4.645,5.198,-134.012,-6.877
11062,-4.691,6.839,364.716,-8.446
11066,-4.735,6.564,-61.015,-8.348
11071,-4.785,5.877,-153.353,-8.536
11075,-4.839,3.724,-476.255,-8.278
11080,-4.876,6.862,695.964,-8.197
11084,-4.910,3.831,-672.854,-7.438
11088,-4.930,7.144,732.960,-7.509
11093,-4.926,6.495,-144.447,-6.155
11097,-4.933,7.686,263.927,-6.967
11102,-4.940,4.587,-690.561,-6.262
11107,-4.951,3.892,-153.958,-6.380
11111,-4.981,9.923,1336.555,-8.657
11116,-4.980,6.037,-855.083,-6.282
11120,-4.986,5.900,-30.534,-6.580
11125,-5.000,5.686,-48.010,-6.917
11129,-5.006,4.923,-171.464,-6.368
11133,-5.027,5.014,20.374,-7.177
11138,-5.034,4.869,-32.491,-6.426
11142,-5.046,7.236,529.636,-7.191
11147,-5.053,6.228,-223.720,-6.792
11152,-5.061,8.633,534.351,-7.351
11156,-5.077,6.915,-381.002,-7.416
11161,-5.106,6.770,-32.202,-7.987
11165,-5.143,6.740,-6.834,-8.456
11169,-5.195,4.312,-547.717,-8.670
11174,-5.255,5.091,172.415,-9.296
11178,-5.331,4.946,-32.317,-10.161
11182,-5.355,4.427,-114.943,-7.520
11187,-5.393,5.198,170.725,-8.386
11192,-5.394,7.312,468.640,-7.070
11197,-5.412,6.152,-258.766,-7.635
11201,-5.407,6.373,48.933,-6.600
11205,-5.395,5.411,-217.216,-5.990
11210,-5.380,4.633,-172.721,-5.649
11214,-5.353,7.289,590.331,-5.649
11219,-5.357,5.961,-295.165,-6.855
11223,-5.320,8.495,562.689,-5.384
11227,-5.309,7.266,-273.599,-6.380
11233,-5.276,9.656,531.431,-5.798
11237,-5.247,5.564,-908.438,-5.011
11242,-5.184,7.885,516.150,-3.870
11246,-5.105,7.587,-66.335,-2.908
11250,-5.083,9.640,459.587,-6.107
11255,-5.021,6.930,-603.816,-3.479
11259,-4.932,13.205,1394.402,-3.491
11264,-4.857,10.442,-606.532,-3.506
11268,-4.792,9.778,-146.025,-3.805
11272,-4.704,12.610,631.030,-3.152
11278,-4.609,12.136,-104.709,-2.627
11282,-4.511,14.701,564.456,-3.004
11287,-4.443,12.045,-587.199,-3.782
11291,-4.341,15.572,774.762,-2.833
11296,-4.241,17.610,448.935,-3.231
11300,-4.148,16.869,-163.096,-3.365
11304,-4.066,14.503,-522.156,-3.261
11309,-3.977,17.419,644.000,-3.502
11313,-3.896,16.457,-212.983,-3.527
11319,-3.806,17.923,323.115,-3.405
11323,-3.710,20.343,534.419,-3.500
11327,-3.609,19.694,-143.552,-3.048
11332,-3.492,21.022,293.340,-2.426
11336,-3.378,22.175,254.341,-2.676
11341,-3.263,22.121,-11.770,-2.568
11345,-3.132,26.152,893.292,-2.499
11350,-3.009,28.266,464.930,-3.262
11354,-2.890,27.297,-214.864,-3.095
11358,-2.791,28.449,254.790,-4.284
11364,-2.685,29.388,207.912,-3.951
11368,-2.606,30.724,293.728,-5.616
11373,-2.556,28.793,-426.900,-6.488
11377,-2.487,30.915,465.789,-6.013
11382,-2.440,33.518,574.880,-7.536
11386,-2.400,33.701,40.460,-7.953
11390,-2.368,36.831,699.234,-8.886
11395,-2.334,34.396,-537.791,-8.267
11399,-2.335,33.068,-291.537,-9.783
11405,-2.402,33.091,5.035,-13.072
11409,-2.395,33.404,69.799,-9.387
11413,-2.394,38.205,1067.006,-10.770
11418,-2.408,36.075,-462.591,-11.231
11422,-2.419,37.999,419.282,-11.474
11427,-2.426,39.190,259.781,-11.563
11431,-2.444,38.495,-151.804,-11.974
11436,-2.466,37.274,-266.909,-11.926
11440,-2.532,36.297,-212.597,-13.946
11446,-2.588,36.495,43.372,-13.516
11450,-2.654,39.052,564.266,-14.535
11455,-2.730,39.801,163.767,-15.366
11459,-2.810,36.442,-733.357,-14.924
11464,-2.898,38.213,385.669,-15.769
11468,-3.003,34.892,-725.025,-16.024
11473,-3.110,38.091,698.967,-16.879
11477,-3.209,40.304,484.619,-17.060
11481,-3.329,36.625,-809.013,-17.359
11486,-3.440,36.121,-109.908,-17.006
11491,-3.529,38.190,452.472,-16.448
11496,-3.659,37.617,-125.332,-18.480
11500,-3.747,38.778,253.342,-16.741
11505,-3.830,41.297,550.981,-17.128
11509,-3.925,38.198,-677.281,-17.180
11514,-4.024,38.068,-28.235,-17.431
11518,-4.091,38.419,77.208,-15.926
11523,-4.174,37.068,-297.871,-16.466
11527,-4.251,39.831,600.730,-17.021
11533,-4.300,41.480,359.384,-16.036
11537,-4.362,39.327,-472.077,-16.186
11542,-4.421,38.930,-86.669,-16.033
11546,-4.475,37.503,-314.147,-15.482
11550,-4.507,39.930,528.633,-15.066
11555,-4.562,42.816,632.784,-16.811
11559,-4.670,37.953,-1060.775,-18.471
11564,-4.735,42.740,1035.987,-17.636
11568,-4.839,43.892,250.146,-19.823
11574,-4.997,41.388,-548.601,-21.994
11578,-5.187,38.350,-661.046,-23.152
11583,-5.477,36.892,-318.622,-27.951
11587,-5.810,35.419,-321.116,-30.095
11592,-6.206,31.251,-909.236,-32.620
11596,-6.582,33.106,405.722,-32.400
11601,-6.989,27.556,-1219.160,-33.113
11605,-7.430,24.091,-752.094,-34.489
11610,-7.874,19.717,-958.380,-33.996
11614,-8.294,19.213,-110.004,-33.201
11620,-8.723,15.259,-865.630,-33.164
11624,-9.196,11.014,-926.697,-34.824
11628,-9.607,9.526,-325.865,-31.889
11633,-10.045,3.801,-1262.167,-32.367
11637,-10.406,3.556,-52.919,-28.905
11642,-10.746,-0.886,-982.040,-27.216
11646,-11.054,-0.864,4.987,-25.931
11651,-11.345,3.358,939.754,-26.338
11655,-11.623,-2.337,-1243.375,-24.735
11661,-11.857,1.083,737.672,-23.546
11665,-12.109,-4.711,-1268.365,-23.399
11670,-12.351,-3.596,240.195,-23.413
11674,-12.577,-4.566,-211.121,-22.603
11679,-12.791,-5.283,-155.991,-22.090
11683,-12.983,-5.604,-69.880,-21.124
11688,-13.170,-5.810,-45.358,-21.069
11692,-13.339,-4.161,362.864,-20.697
11697,-13.541,-4.986,-179.849,-22.304
11702,-13.661,-3.871,242.917,-18.691
11706,-13.862,-8.787,-1073.369,-21.730
11711,-14.007,-8.802,-3.290,-19.124
11715,-14.133,-3.398,1199.951,-19.539
11720,-14.227,-1.612,385.302,-18.479
11724,-14.338,-4.505,-631.137,-18.755
11729,-14.436,-5.772,-274.756,-17.934
11733,-14.517,-2.260,762.696,-17.992
11738,-14.601,-3.665,-306.409,-17.869
11742,-14.700,-1.810,404.307,-19.146
11748,-14.826,-6.573,-1044.596,-19.556
11752,-14.960,-6.398,37.741,-20.051
11757,-15.081,-4.963,316.383,-19.882
11761,-15.206,-2.146,613.413,-20.889
11766,-15.323,-2.871,-158.477,-20.406
11770,-15.423,-1.459,307.270,-19.993
11775,-15.526,-5.047,-783.359,-19.438
11779,-15.581,-3.329,373.058,-17.523
11784,-15.684,-4.154,-180.006,-19.792
11789,-15.762,-2.322,398.621,-19.080
11794,-15.844,-2.031,63.335,-19.381
11798,-15.892,-0.940,240.866,-18.029
11803,-15.925,-1.070,-28.459,-17.296
11807,-15.918,-1.169,-21.762,-15.338
11811,-15.950,-2.001,-181.991,-17.071
11816,-15.950,-1.818,40.001,-15.553
11820,-15.929,1.205,667.013,-15.162
11825,-15.900,1.602,86.594,-14.809
11830,-15.892,-1.031,-583.168,-15.305
11835,-15.862,-0.222,176.058,-14.321
11839,-15.827,1.526,381.346,-14.448
11844,-15.777,5.136,786.985,-14.498
11848,-15.712,2.541,-566.686,-13.076
11853,-15.673,6.274,814.316,-15.211
11857,-15.633,6.129,-31.585,-15.014
11862,-15.617,2.808,-728.843,-15.485
11866,-15.589,5.266,535.282,-15.400
11872,-15.581,3.930,-292.443,-16.043
11876,-15.562,8.427,977.431,-16.554
11880,-15.560,6.885,-336.384,-16.978
11885,-15.579,5.289,-348.041,-17.733
11889,-15.618,3.312,-431.681,-18.260
11894,-15.646,4.907,347.132,-18.108
11898,-15.692,2.518,-523.054,-18.514
11903,-15.729,7.656,1119.748,-19.276
11907,-15.789,3.602,-876.608,-19.529
11912,-15.818,4.969,298.604,-18.372
11917,-15.868,4.785,-40.071,-19.381
11922,-15.909,3.587,-264.447,-18.737
11926,-15.944,6.297,590.140,-19.065
11931,-16.010,5.068,-269.519,-20.365
11935,-16.056,6.343,278.100,-19.720
11940,-16.121,3.533,-614.965,-20.100
11944,-16.189,5.419,410.963,-20.750
11949,-16.251,5.938,113.635,-20.618
11953,-16.297,6.495,121.884,-20.028
11958,-16.361,4.808,-369.313,-20.566
11963,-16.461,-0.123,-1072.021,-21.310
11967,-16.545,2.457,556.547,-21.217
11972,-16.618,2.556,21.649,-20.777
11976,-16.705,2.625,15.200,-21.580
11981,-16.764,4.877,499.093,-20.732
11985,-16.851,2.327,-558.148,-21.611
11990,-16.950,2.976,141.178,-22.475
11994,-17.029,2.594,-83.628,-21.497
12000,-17.114,3.678,239.181,-22.069
12004,-17.220,0.457,-704.588,-22.541
12009,-17.314,1.495,226.872,-22.227
12013,-17.407,2.350,187.000,-22.493
12017,-17.484,4.900,559.618,-22.365
12022,-17.570,2.243,-582.563,-22.275
12026,-17.655,1.823,-91.670,-22.218
12031,-17.750,3.022,263.285,-23.102
12035,-17.831,1.572,-317.509,-22.127
12040,-17.925,-0.581,-469.196,-22.418
12045,-18.022,-0.696,-24.892,-22.603
12050,-18.100,0.526,268.788,-22.036
12054,-18.195,-3.535,-891.367,-22.071
12059,-18.259,1.717,1141.719,-21.775
12063,-18.335,-3.260,-1077.294,-21.356
12068,-18.416,-0.772,536.788,-22.203
12072,-18.499,-2.077,-285.259,-22.074
12077,-18.580,-2.909,-181.356,-21.894
12081,-18.661,-4.230,-288.091,-21.672
12087,-18.725,-4.398,-36.477,-20.888
12091,-18.802,-1.283,683.605,-22.281
12096,-18.854,-1.665,-83.409,-21.021
12100,-18.934,-3.016,-296.304,-22.178
12104,-18.967,-1.711,284.017,-20.223
12109,-19.022,-4.306,-566.686,-20.752
12113,-19.065,-3.070,268.601,-20.487
12118,-19.114,-3.184,-25.045,-20.777
12122,-19.122,-0.413,607.674,-19.429
12128,-19.160,-3.138,-595.020,-20.307
12132,-19.179,-0.428,590.140,-20.024
12137,-19.208,-4.909,-979.221,-19.549
12141,-19.204,-0.390,981.556,-18.879
12146,-19.209,-5.428,-1102.927,-18.277
12150,-19.189,-1.703,802.151,-17.786
12155,-19.185,-2.635,-203.163,-18.426
12159,-19.152,0.335,645.536,-17.585
12164,-19.134,-3.657,-871.696,-17.454
12168,-19.115,-2.902,164.003,-17.507
12174,-19.087,-1.260,359.287,-17.462
12178,-19.030,2.587,840.028,-16.790
12183,-18.985,-1.245,-839.628,-16.519
12187,-18.953,0.060,282.542,-17.415
12192,-18.912,-1.260,-290.117,-16.590
12196,-18.886,-2.459,-260.311,-17.074
12201,-18.840,1.037,761.364,-16.815
12205,-18.797,0.946,-20.071,-16.901
12209,-18.753,-0.115,-234.128,-16.574
12215,-18.712,2.091,480.424,-17.166
12219,-18.698,-1.062,-688.958,-17.775
12224,-18.663,-0.925,29.897,-16.770
12228,-18.629,1.907,622.705,-17.349
12233,-18.598,3.159,274.060,-17.816
12237,-18.589,1.778,-303.000,-18.551
12242,-18.586,0.556,-267.142,-18.560
12246,-18.587,1.755,262.133,-18.995
12251,-18.590,-0.245,-437.063,-18.677
12256,-18.591,2.923,690.484,-19.327
12261,-18.598,3.678,165.005,-19.779
12265,-18.598,3.175,-110.389,-19.307
12269,-18.606,3.304,28.434,-19.697
12274,-18.632,1.648,-365.832,-20.283
12278,-18.654,5.381,812.897,-20.935
12283,-18.682,4.327,-230.008,-21.035
12287,-18.709,2.961,-298.865,-20.725
12292,-18.707,6.167,700.023,-19.945
12296,-18.734,2.640,-770.026,-20.664
12302,-18.752,4.900,493.350,-20.723
12306,-18.793,3.083,-398.071,-21.486
12311,-18.844,1.678,-306.142,-21.744
12315,-18.900,0.419,-274.290,-21.729
12320,-18.934,0.633,46.873,-20.727
12324,-18.991,2.045,311.609,-22.242
12329,-19.036,1.442,-132.017,-21.604
12333,-19.086,2.083,140.127,-21.994
12337,-19.135,2.732,142.168,-22.117
12343,-19.195,-0.833,-778.359,-21.973
12347,-19.249,0.480,285.430,-21.979
12352,-19.316,-0.871,-296.564,-22.429
12356,-19.383,-1.818,-205.775,-22.242
12361,-19.448,-2.047,-49.784,-22.182
12365,-19.518,-1.749,65.460,-22.579
12370,-19.564,0.228,435.868,-21.859
12374,-19.624,-3.299,-771.373,-21.812
12379,-19.667,-2.268,223.253,-21.274
12384,-19.693,-1.696,124.786,-20.550
12389,-19.735,-0.772,201.673,-21.651
12393,-19.773,-2.444,-364.376,-21.094
12398,-19.810,-1.948,107.866,-21.179
12402,-19.837,-1.398,119.899,-20.858
12407,-19.863,-1.360,8.348,-20.799
12411,-19.883,-3.192,-406.763,-20.155
12415,-19.901,-6.192,-650.477,-19.386
12420,-19.900,-0.657,1203.120,-19.730
12424,-19.914,-5.299,-1002.857,-19.404
12430,-19.930,-2.039,704.309,-20.243
12434,-19.928,-2.497,-99.916,-19.246
12439,-19.909,-2.215,61.994,-18.489
12443,-19.885,-0.467,385.042,-18.630
12448,-19.888,-3.268,-613.294,-19.266
12452,-19.885,-3.253,3.319,-19.039
12457,-19.882,-2.406,187.961,-19.186
12461,-19.876,-1.619,171.973,-19.210
12466,-19.857,-1.268,76.803,-18.678
12471,-19.838,-3.719,-539.732,-18.062
12476,-19.822,-1.535,474.610,-18.690
12480,-19.789,-0.428,241.886,-18.079
12484,-19.759,0.617,229.342,-18.417
12489,-19.724,0.098,-113.734,-18.024
12493,-19.715,-2.841,-643.938,-18.660
12498,-19.694,-1.383,317.512,-18.337
12502,-19.660,-2.215,-181.356,-17.502
12507,-19.635,1.190,742.062,-18.691
12512,-19.595,1.724,116.875,-17.987
12517,-19.569,0.266,-319.180,-18.382
12521,-19.523,5.533,1151.044,-18.507
12526,-19.517,0.129,-1173.888,-19.236
12530,-19.487,1.404,275.694,-18.338
12535,-19.469,-1.352,-602.213,-18.303
12539,-19.435,2.358,806.505,-18.285
12544,-19.436,-1.383,-818.123,-19.200
12548,-19.432,0.709,455.092,-19.367
12553,-19.427,3.640,642.265,-20.024
12558,-19.426,3.594,-10.027,-20.149
12563,-19.437,1.488,-462.845,-20.302
12567,-19.428,1.091,-86.594,-19.273
12571,-19.430,2.266,259.165,-20.033
12576,-19.431,3.289,223.732,-20.219
12580,-19.435,2.946,-75.134,-20.276
12585,-19.455,1.220,-378.663,-20.692
12589,-19.482,-0.390,-350.759,-20.749
12594,-19.515,-1.245,-186.347,-20.843
12599,-19.552,-3.558,-502.384,-20.563
12604,-19.589,-0.726,616.201,-21.242
12608,-19.600,3.358,891.696,-20.868
12613,-19.625,3.411,11.718,-21.597
12617,-19.626,3.136,-60.371,-20.411
12622,-19.658,0.495,-580.233,-21.329
12626,-19.687,-2.451,-641.673,-20.553
12631,-19.715,-0.428,440.144,-20.972
12635,-19.750,-0.917,-106.577,-21.266
12640,-19.774,0.846,383.672,-21.139
12645,-19.798,0.281,-123.661,-21.040
12649,-19.812,3.610,728.600,-21.297
12654,-19.842,-2.680,-1378.194,-20.736
12658,-19.866,-1.810,187.873,-20.643
12663,-19.892,-0.390,309.470,-21.055
12667,-19.922,-1.108,-157.083,-21.134
12672,-19.973,-4.199,-672.673,-21.517
12676,-19.991,-0.543,792.134,-20.748
12681,-19.999,0.442,214.820,-20.523
12686,-20.008,2.114,366.613,-20.899
12691,-20.027,-0.398,-549.792,-20.894
12695,-20.054,-3.245,-619.523,-20.656
12700,-20.055,-0.024,699.690,-20.083
12704,-20.067,-0.024,0.000,-20.638
12709,-20.091,-2.902,-649.924,-20.642
12713,-20.098,-2.406,107.960,-19.901
12717,-20.098,-1.520,193.509,-19.742
12722,-20.091,-0.894,137.271,-19.544
12727,-20.074,0.991,412.040,-19.485
12732,-20.063,-0.589,-346.525,-19.369
12736,-20.049,-0.841,-54.858,-19.180
12741,-20.059,-4.115,-721.324,-19.669
12745,-20.037,-1.360,599.071,-18.641
12750,-20.044,-3.131,-385.669,-19.680
12754,-20.024,-2.024,240.833,-18.567
12759,-20.007,-0.489,335.304,-19.087
12763,-20.000,-1.421,-204.232,-19.347
12769,-19.971,2.915,945.047,-19.179
12773,-19.951,-0.367,-717.317,-18.920
12778,-19.936,-1.879,-328.862,-18.756
12782,-19.923,-0.871,218.860,-19.097
12787,-19.900,-1.161,-63.613,-18.497
12791,-19.876,-0.864,65.287,-18.524
12795,-19.853,-2.024,-255.574,-18.283
12800,-19.838,-0.711,286.176,-18.934
12804,-19.814,-1.657,-206.133,-18.238
12809,-19.813,-2.009,-76.336,-19.316
12814,-19.785,2.449,978.493,-18.981
12819,-19.751,0.946,-329.495,-18.268
12823,-19.735,1.732,171.822,-19.351
12828,-19.710,1.167,-123.553,-18.760
12832,-19.697,0.281,-193.509,-19.120
12837,-19.708,-4.726,-1097.203,-19.179
12841,-19.688,1.877,1426.762,-19.160
12846,-19.678,-0.902,-603.000,-18.984
12850,-19.668,1.136,444.627,-19.429
12856,-19.663,2.923,390.013,-20.078
12860,-19.646,1.014,-417.045,-19.048
12865,-19.646,0.648,-80.283,-19.763
12869,-19.645,-0.489,-250.309,-19.471
12873,-19.637,1.785,496.683,-19.645
12878,-19.626,4.228,533.351,-20.058
12882,-19.638,0.900,-727.962,-20.438
12887,-19.652,1.747,185.655,-20.706
12891,-19.674,0.953,-173.794,-20.985
12897,-19.681,3.144,479.186,-20.742
12901,-19.699,-0.856,-872.600,-20.392
12906,-19.718,1.701,558.352,-21.030
12910,-19.743,-0.016,-375.012,-20.955
12915,-19.762,-1.566,-337.755,-20.340
12919,-19.785,-1.177,84.560,-20.645
12924,-19.799,-1.070,23.498,-20.247
12928,-19.831,0.182,275.266,-21.426
12932,-19.844,1.740,341.203,-20.857
12937,-19.877,-0.108,-404.053,-21.480
12942,-19.895,0.037,31.585,-20.796
12947,-19.916,-1.406,-319.758,-20.630
12951,-19.947,-3.772,-514.885,-20.628
12956,-19.974,-0.970,609.558,-21.084
12960,-19.984,2.014,652.829,-20.915
12965,-19.987,0.793,-267.376,-20.291
12969,-20.000,0.121,-146.416,-20.683
12974,-20.000,0.205,18.398,-20.061
12978,-19.996,1.610,312.129,-20.158
12984,-20.004,1.396,-46.668,-20.707
12988,-20.017,-0.772,-478.363,-20.450
12992,-20.057,-2.131,-295.901,-21.550
12997,-20.081,-3.596,-318.619,-20.451
13001,-20.086,-2.665,202.456,-19.738
13006,-20.086,-2.039,137.030,-19.591
13010,-20.079,0.930,650.058,-19.945
13015,-20.074,-2.100,-664.591,-19.369
13019,-20.069,0.823,636.686,-20.007
13025,-20.081,-0.085,-199.385,-20.671
13029,-20.086,-2.596,-547.873,-19.720
13034,-20.069,-0.696,413.929,-19.115
13038,-20.046,0.724,309.470,-19.083
13043,-20.031,-1.184,-419.612,-19.038
13047,-20.023,-1.108,16.624,-19.383
13052,-20.049,-3.299,-483.416,-20.582
13056,-20.049,-2.841,99.569,-19.384
13060,-20.041,-0.619,490.153,-19.548
13065,-20.011,0.556,256.900,-18.664
13070,-19.999,-0.100,-144.347,-19.343
13075,-19.999,-0.856,-165.006,-19.817
13079,-19.998,-2.360,-327.486,-19.426
13084,-19.991,-1.329,224.419,-19.365
13088,-19.982,-0.138,259.782,-19.490
13093,-19.976,0.793,203.518,-19.890
13097,-19.959,-0.421,-266.639,-19.016
13102,-19.944,0.236,142.964,-19.265
13106,-19.917,1.785,340.426,-18.990
13112,-19.893,2.465,148.598,-19.248
13116,-19.881,2.121,-75.134,-19.804
13121,-19.889,-1.764,-853.580,-19.859
13125,-19.872,-0.138,354.084,-19.010
13129,-19.878,-0.680,-118.856,-20.033
13134,-19.870,-0.459,48.420,-19.350
13138,-19.855,1.801,499.899,-19.541
13143,-19.832,4.862,668.940,-19.808
13147,-19.844,-0.482,-1169.770,-20.325
13153,-19.851,-1.467,-212.593,-19.862
13157,-19.837,0.312,385.318,-19.209
13162,-19.833,-0.696,-220.972,-19.489
13166,-19.830,0.480,256.451,-19.771
13171,-19.831,3.037,560.801,-20.549
13175,-19.829,2.656,-83.555,-20.329
13180,-19.846,-2.337,-1093.858,-20.177
13184,-19.853,0.083,521.070,-20.223
13189,-19.841,-0.940,-223.928,-19.004
13193,-19.855,0.075,221.481,-20.569
13199,-19.866,0.373,65.173,-20.510
13203,-19.878,0.220,-33.807,-20.507
13207,-19.886,3.808,795.165,-21.096
13212,-19.889,3.663,-31.807,-20.887
13216,-19.909,1.930,-381.343,-21.292
13221,-19.906,3.236,284.761,-20.491
13225,-19.910,-1.688,-1076.917,-19.739
13230,-19.912,0.243,416.947,-20.074
13234,-19.925,-0.177,-92.072,-20.527
13240,-19.933,-0.642,-102.026,-20.141
13244,-19.947,0.602,270.495,-20.805
13249,-19.945,0.633,6.708,-19.985
13253,-19.951,-0.283,-204.289,-20.199
13257,-19.954,0.793,234.598,-20.254
13262,-19.950,-0.115,-199.035,-19.743
13266,-19.959,-0.390,-59.950,-20.284
13271,-19.959,0.778,257.482,-20.153
13275,-19.966,-0.726,-328.919,-20.132
13281,-19.975,-1.635,-197.649,-20.047
13285,-19.962,2.335,864.431,-19.839
13290,-19.971,-0.948,-716.691,-20.217
13294,-19.973,-0.291,142.097,-20.000
13299,-19.969,1.083,301.590,-20.024
13303,-19.981,-1.115,-481.699,-20.338
13308,-19.983,-2.031,-198.619,-19.609
13312,-20.003,-3.276,-271.202,-20.254
13317,-19.987,0.755,876.966,-19.366
13321,-19.983,-2.558,-725.893,-19.208
13327,-19.973,0.701,708.596,-19.663
13331,-19.975,-1.703,-525.476,-19.681
13335,-19.978,0.236,421.874,-20.165
13340,-19.955,3.442,701.862,-19.613
13344,-19.956,-1.146,-1000.826,-19.756
13349,-19.942,-0.864,60.767,-19.033
13353,-19.940,-0.062,176.703,-19.847
13358,-19.922,0.625,150.928,-19.154
13362,-19.914,0.579,-10.027,-19.661
13368,-19.905,1.297,157.913,-19.752
13372,-19.899,-2.886,-914.162,-18.965
13377,-19.894,-1.489,303.948,-19.295
13381,-19.885,1.114,567.361,-19.690
13386,-19.878,0.052,-231.472,-19.545
13390,-19.879,1.778,377.669,-20.345
13395,-19.877,1.709,-15.014,-20.186
13399,-19.865,-0.978,-590.814,-19.023
13403,-19.862,-0.879,21.648,-19.516
13409,-19.844,0.625,330.655,-19.123
13413,-19.841,1.938,287.681,-20.116
13418,-19.833,0.671,-277.160,-19.613
13422,-19.814,2.633,427.974,-19.446
13427,-19.818,0.778,-405.722,-20.214
13431,-19.817,-0.726,-327.772,-19.571
13436,-19.814,1.312,442.695,-19.988
13440,-19.825,-1.001,-505.458,-20.123
13445,-19.817,1.243,487.886,-19.738
13449,-19.819,1.740,108.242,-20.308
13455,-19.822,0.228,-331.168,-19.993
13459,-19.827,-0.238,-101.493,-20.031
13464,-19.845,-2.772,-552.387,-20.083
13468,-19.859,-2.222,119.171,-20.035
13473,-19.873,-0.780,314.461,-20.406
13477,-19.883,0.442,267.142,-20.484
13482,-19.890,1.419,214.088,-20.520
13486,-19.919,0.136,-281.732,-21.393
13490,-19.939,1.762,354.702,-21.300
13496,-19.955,0.518,-272.867,-20.884
13500,-19.967,0.503,-3.331,-20.656
13505,-19.964,1.869,303.647,-20.206
13509,-19.995,-3.963,-1275.604,-20.649
13514,-20.010,-0.108,832.246,-20.688
13518,-20.015,-1.459,-295.526,-19.952
13523,-20.028,-3.268,-393.638,-19.935
13527,-20.039,-0.864,523.190,-20.379
13532,-20.036,-0.566,65.116,-19.778
13537,-20.048,0.129,152.873,-20.671
13542,-20.070,-1.390,-333.718,-20.831
13546,-20.084,1.801,694.265,-21.147
13551,-20.107,-4.283,-1330.702,-20.313
13555,-20.111,-1.749,545.726,-19.896
13559,-20.109,-0.909,183.339,-19.821
13564,-20.101,-0.535,82.028,-19.575
13568,-20.107,0.022,123.395,-20.407
13573,-20.114,-0.489,-112.555,-20.330
13577,-20.125,-1.413,-200.797,-20.378
13583,-20.106,2.823,922.613,-19.808
13587,-20.082,2.564,-56.669,-19.470
13592,-20.112,-3.337,-1302.022,-20.810
13596,-20.099,-0.741,558.395,-19.336
13601,-20.098,1.877,572.185,-20.426
13605,-20.087,1.396,-105.187,-19.903
13610,-20.064,3.289,413.708,-19.671
13614,-20.063,-0.635,-858.194,-19.865
13619,-20.047,-2.283,-357.824,-18.717
13624,-20.050,-3.039,-164.288,-19.553
13629,-20.041,-0.627,526.225,-19.434
13633,-20.046,-1.138,-111.670,-20.067
13638,-20.050,-1.192,-11.687,-19.954
13642,-20.062,-0.085,242.310,-20.609
13646,-20.056,1.136,268.080,-20.055
13651,-20.034,-1.207,-514.831,-18.692
13655,-20.016,0.159,297.564,-19.130
13660,-20.001,0.068,-20.106,-19.280
13665,-19.997,0.793,160.440,-19.978
13670,-19.999,-1.161,-429.683,-19.873
13674,-20.007,-0.780,82.902,-20.226
13679,-20.010,-0.062,159.033,-20.142
13683,-20.008,-2.512,-535.954,-19.311
13688,-20.008,-2.337,38.234,-19.497
13692,-20.018,-3.062,-159.734,-19.845
13696,-20.005,0.205,709.638,-19.396
13701,-20.005,-0.551,-166.167,-19.906
13705,-20.013,-1.238,-150.005,-20.094
13711,-20.007,0.907,468.758,-19.936
13715,-20.009,-0.352,-275.973,-20.030
13720,-19.999,1.678,443.736,-19.881
13724,-19.986,1.549,-28.359,-19.686
13729,-19.989,-0.673,-488.000,-19.993
13733,-19.994,1.281,425.566,-20.543
13738,-19.992,-0.726,-437.584,-19.733
13742,-19.990,1.289,437.341,-20.167
13747,-19.994,-0.993,-497.481,-19.943
13752,-20.008,-2.260,-274.995,-20.221
13757,-20.019,-1.459,174.397,-20.225
13761,-20.021,0.579,445.404,-20.250
13766,-20.029,0.625,10.062,-20.556
13770,-20.016,0.801,38.947,-19.537
13774,-20.017,0.495,-67.674,-20.169
13779,-20.001,2.449,430.820,-19.763
13783,-20.005,0.846,-350.624,-20.391
13788,-20.009,-1.245,-457.081,-19.949
13793,-20.025,-2.627,-301.677,-20.212
13798,-20.029,0.740,731.193,-20.415
13802,-20.031,0.770,6.684,-20.298
13806,-20.032,-1.199,-439.221,-19.797
13811,-20.014,0.633,398.274,-19.260
13815,-20.022,-1.520,-471.663,-20.111
13820,-20.036,-0.665,185.861,-20.572
13824,-20.034,1.778,534.752,-20.298
13829,-20.041,0.663,-243.767,-20.533
13833,-20.042,0.671,1.668,-20.244
13839,-20.034,1.663,220.919,-20.033
13843,-20.016,2.511,185.492,-19.694
13848,-20.020,0.907,-350.624,-20.412
13852,-20.026,-2.917,-835.758,-19.688
13857,-20.060,-3.077,-34.849,-21.009
13861,-20.084,-2.520,122.635,-20.694
13865,-20.077,0.732,712.513,-19.891
13870,-20.064,-1.856,-567.000,-19.024
13874,-20.075,-1.551,66.727,-20.240
13880,-20.066,0.503,451.900,-19.737
13884,-20.057,-1.535,-446.967,-19.295
13889,-20.056,-0.283,272.866,-19.922
13893,-20.061,0.877,252.680,-20.549
13898,-20.061,-2.802,-809.013,-19.412
13902,-20.062,-3.077,-59.845,-19.417
13907,-20.057,-0.688,524.893,-19.663
13911,-20.033,0.663,295.268,-18.999
13916,-20.032,0.014,-142.168,-19.983
13921,-20.013,2.732,594.391,-19.717
13926,-19.998,1.327,-306.677,-19.546
13930,-20.006,-1.497,-615.076,-20.036
13934,-19.976,1.320,613.948,-18.837
13939,-19.969,-0.589,-417.045,-19.476
13943,-19.963,1.205,390.997,-19.949
13948,-19.970,-1.253,-536.685,-20.005
13952,-19.942,2.610,840.425,-19.206
13957,-19.946,-0.589,-701.420,-20.000
13961,-19.950,-1.184,-129.778,-19.848
13967,-19.943,-1.963,-169.709,-19.197
13971,-19.926,1.869,833.782,-19.485
13976,-19.938,-1.993,-844.099,-20.098
13980,-19.942,0.434,528.173,-20.210
13985,-19.936,0.121,-68.455,-19.686
13989,-19.920,2.617,549.336,-19.732
13994,-19.935,-3.306,-1292.248,-19.916
13998,-19.941,-0.314,644.907,-20.182
14003,-19.935,-0.467,-33.334,-19.502
14008,-19.955,-2.703,-491.786,-20.365
14013,-19.963,-0.551,468.379,-20.222
14017,-19.953,0.617,253.900,-19.616
14021,-19.949,1.381,167.845,-20.039
14026,-19.938,1.656,60.212,-19.785
14030,-19.944,1.114,-119.485,-20.478
14035,-19.962,-0.940,-447.566,-20.599
14039,-19.968,0.923,404.912,-20.510
14044,-19.978,0.770,-33.481,-20.618
14049,-19.976,-1.886,-586.680,-19.479
14054,-19.963,1.152,661.622,-19.548
14058,-19.964,-2.268,-746.692,-19.526
14063,-19.982,-0.650,351.503,-20.739
14067,-20.004,-2.459,-395.358,-20.513
14072,-19.997,2.312,1040.792,-20.161
14076,-20.020,-2.879,-1122.587,-20.503
14081,-20.035,-1.215,359.577,-20.494
14085,-20.032,1.907,679.908,-20.322
14091,-20.028,0.740,-256.127,-20.002
14095,-20.017,1.862,245.652,-19.863
14100,-20.017,-0.696,-560.309,-19.870
14104,-20.003,1.862,556.893,-19.770
14108,-19.999,2.411,120.425,-20.327
14113,-20.005,-0.047,-538.094,-20.287
14117,-20.003,-0.047,0.000,-19.907
14122,-19.991,2.839,652.237,-20.009
14126,-20.000,-0.963,-832.937,-20.222
14131,-19.989,1.419,520.017,-19.785
14136,-19.997,-2.009,-749.668,-19.906
14141,-20.005,-0.184,397.999,-20.354
14145,-20.007,-0.260,-16.638,-20.081
14149,-20.004,-1.077,-180.387,-19.607
14154,-19.976,2.877,862.609,-19.221
14158,-20.000,-2.390,-1152.051,-20.678
14163,-19.999,-0.986,304.549,-19.692
14167,-19.997,-0.268,156.672,-19.858
14172,-19.999,-1.451,-258.342,-19.791
14177,-19.995,-1.528,-16.609,-19.409
14182,-19.988,-0.146,304.603,-19.650
14186,-19.992,-0.932,-171.672,-19.971
14191,-19.986,-0.657,59.950,-19.550
14195,-20.003,-1.780,-247.603,-20.450
14200,-20.001,-1.054,158.477,-19.656
14204,-20.005,-0.459,130.232,-20.065
14209,-19.995,-0.276,40.142,-19.477
14213,-19.986,0.098,82.389,-19.536
14217,-19.998,-1.199,-287.613,-20.319
14223,-20.015,0.205,305.078,-20.907
14227,-20.014,0.442,52.078,-20.067
14232,-20.005,-0.543,-218.635,-19.432
14236,-19.999,0.602,249.355,-19.878
14241,-19.996,-1.566,-475.425,-19.503
14245,-20.010,0.419,431.839,-20.789
14250,-19.998,0.304,-25.110,-19.457
14254,-20.003,-1.581,-417.145,-19.916
14258,-20.013,-1.650,-14.974,-20.089
14264,-20.022,-1.207,97.265,-20.226
14268,-20.033,-0.009,263.517,-20.582
14273,-20.054,-0.886,-192.008,-20.843
14277,-20.057,-0.253,138.459,-20.173
14282,-20.053,-0.047,45.041,-19.849
14286,-20.059,0.007,11.801,-20.351
14291,-20.053,1.640,361.413,-20.096
14295,-20.045,1.755,25.067,-20.084
14299,-20.055,-2.627,-969.398,-19.954
14305,-20.049,-1.016,350.454,-19.528
14309,-20.065,-1.932,-199.484,-20.413
14314,-20.072,-0.375,339.123,-20.331
14318,-20.064,0.312,149.353,-19.709
14323,-20.073,-0.291,-132.017,-20.452
14327,-20.074,-0.031,56.718,-20.131
14332,-20.081,-0.421,-85.903,-20.330
14336,-20.078,-0.497,-16.799,-19.848
14341,-20.069,0.312,178.229,-19.659
14345,-20.060,0.495,40.142,-19.765
14351,-20.069,-1.864,-523.243,-20.075
14355,-20.076,-2.016,-33.190,-19.978
14359,-20.079,-0.093,422.598,-20.180
14364,-20.093,0.152,53.382,-20.847
14368,-20.105,-1.894,-452.211,-20.278
14373,-20.103,0.014,415.230,-19.976
14377,-20.112,0.495,105.464,-20.686
14382,-20.113,0.205,-63.502,-20.173
14386,-20.129,-1.467,-369.204,-20.618
14392,-20.127,-1.276,41.487,-19.729
14396,-20.125,-0.696,127.226,-19.875
14401,-20.132,-2.322,-354.084,-19.948
14405,-20.127,-1.260,230.267,-19.626
14410,-20.111,3.198,971.668,-20.012
14414,-20.106,-0.093,-717.730,-19.851
14419,-20.085,1.938,442.961,-19.507
14423,-20.076,-2.192,-904.858,-19.148
14427,-20.063,-0.062,464.610,-19.394
14433,-20.063,-1.505,-316.392,-19.743
14437,-20.077,-1.146,78.063,-20.490
14442,-20.075,-0.627,114.639,-19.817
14446,-20.083,-0.375,55.050,-20.391
14451,-20.075,0.846,269.977,-19.880
14455,-20.065,1.228,83.923,-19.856
14460,-20.052,-1.031,-497.696,-19.195
14464,-20.044,-0.138,194.497,-19.613
14469,-20.035,-0.726,-128.562,-19.428
14473,-20.035,-0.528,43.222,-19.913
14478,-20.028,0.396,203.271,-19.787
14483,-20.042,-0.818,-266.405,-20.556
14487,-20.040,-0.146,146.416,-19.911
14492,-20.035,0.083,50.133,-19.800
14496,-20.023,-0.314,-87.898,-19.378
14501,-20.012,0.755,235.397,-19.603
14505,-20.030,-2.199,-648.989,-20.441
14510,-20.032,0.572,603.965,-20.273
14514,-20.034,-0.131,-153.607,-20.097
14520,-20.027,0.831,210.374,-19.842
14524,-20.000,2.144,287.934,-19.176
14528,-20.010,-1.436,-785.810,-20.165
14533,-20.027,-0.031,305.343,-20.846
14537,-20.042,-1.016,-215.195,-20.586
14542,-20.067,-1.642,-136.195,-20.892
14546,-20.074,-0.390,272.866,-20.354
14551,-20.055,2.602,653.355,-19.716
14555,-20.047,1.503,-240.849,-19.971
14561,-20.053,-1.085,-566.007,-20.112
14565,-20.065,-0.894,41.559,-20.454
14570,-20.077,-0.596,65.691,-20.539
14574,-20.079,0.091,151.327,-20.157
14579,-20.079,-1.184,-280.055,-19.844
14583,-20.083,1.281,537.413,-20.566
14588,-20.081,-0.131,-308.075,-19.957
14592,-20.089,-0.383,-54.906,-20.376
14596,-20.079,1.511,416.622,-19.927
14601,-20.085,-0.421,-422.049,-20.269
14606,-20.068,1.877,500.809,-19.700
14611,-20.069,1.579,-65.345,-20.449
14615,-20.068,0.060,-333.425,-20.019
14620,-20.059,1.098,227.868,-19.889
14624,-20.067,-2.245,-733.226,-19.930
14629,-20.090,-3.764,-330.811,-20.364
14633,-20.098,-1.589,473.362,-20.149
14638,-20.119,-2.719,-246.460,-20.559
14642,-20.128,-3.314,-129.552,-19.811
14648,-20.114,-0.436,624.536,-19.310
14652,-20.101,0.778,264.547,-19.676
14657,-20.111,0.823,10.018,-20.781
14661,-20.097,1.014,42.109,-19.642
14665,-20.099,1.991,216.748,-20.602
14670,-20.113,-1.146,-689.236,-20.569
14674,-20.110,0.709,402.552,-20.102
14679,-20.104,1.740,226.193,-20.226
14683,-20.107,0.907,-181.832,-20.417
14689,-20.118,0.518,-85.301,-20.792
14693,-20.122,-0.314,-183.273,-20.273
14698,-20.127,0.457,167.753,-20.467
14702,-20.126,-0.711,-256.127,-19.897
14707,-20.127,1.656,513.544,-20.553
14711,-20.121,2.472,178.184,-20.382
14716,-20.104,1.686,-171.973,-19.675
14720,-20.100,-0.177,-406.325,-19.851
14725,-20.093,1.663,400.980,-20.139
14729,-20.095,-1.306,-650.058,-19.902
14734,-20.095,1.343,577.344,-20.380
14739,-20.109,-3.688,-1103.187,-19.974
14743,-20.099,2.144,1254.746,-20.074
14748,-20.090,0.167,-428.686,-19.694
14752,-20.083,-0.627,-173.642,-19.617
14757,-20.100,-1.558,-202.809,-20.566
14761,-20.092,0.228,390.013,-19.775
14766,-20.108,-4.711,-1084.050,-19.805
14770,-20.112,-2.031,578.452,-19.880
14776,-20.122,-3.100,-232.934,-19.891
14780,-20.113,-0.657,531.494,-19.536
14785,-20.092,2.060,593.353,-19.510
14789,-20.084,1.182,-192.514,-19.978
14794,-20.078,0.404,-169.857,-19.877
14798,-20.084,-0.428,-182.790,-20.295
14803,-20.066,1.732,471.682,-19.573
14807,-20.062,2.694,210.559,-20.432
14812,-20.059,1.259,-314.718,-20.204
14817,-20.040,2.236,212.968,-19.625
14821,-20.046,-1.650,-851.336,-19.937
14826,-20.031,1.991,790.882,-19.752
14830,-20.020,1.388,-131.441,-19.795
14835,-20.009,0.304,-236.675,-19.528
14839,-20.005,1.556,274.541,-20.188
14844,-20.025,-1.467,-661.756,-20.671
14848,-20.023,0.289,381.348,-19.988
14853,-20.034,-0.482,-168.929,-20.471
14857,-20.042,-0.024,99.742,-20.439
14863,-20.052,-3.978,-873.277,-19.639
14867,-20.055,0.892,1057.826,-20.432
14872,-20.068,0.839,-11.616,-20.857
14876,-20.059,1.671,183.112,-19.978
14881,-20.065,0.961,-155.141,-20.582
14885,-20.086,-2.665,-792.385,-20.553
14890,-20.094,-2.367,64.889,-19.959
14894,-20.105,-2.062,67.256,-20.149
14898,-20.109,-1.833,50.487,-19.929
14904,-20.117,0.549,525.062,-20.619
14908,-20.124,-1.535,-455.811,-20.102
14913,-20.122,1.678,698.032,-20.412
14917,-20.137,-1.100,-607.217,-20.622
14922,-20.132,-0.543,121.036,-19.750
14926,-20.131,-0.421,26.691,-20.007
14931,-20.135,-2.306,-414.942,-19.825
14935,-20.138,-0.489,395.299,-20.173
14940,-20.129,-0.260,49.958,-19.604
14945,-20.128,0.862,247.822,-20.316
14950,-20.110,1.999,249.212,-19.675
14954,-20.115,-1.749,-819.076,-19.967
14958,-20.105,-0.886,187.684,-19.401
14963,-20.118,-1.558,-147.186,-20.402
14967,-20.125,-0.596,209.276,-20.309
14972,-20.127,-0.398,43.373,-20.164
14976,-20.106,1.259,365.187,-19.370
14981,-20.100,0.388,-190.672,-19.893
14985,-20.088,0.091,-65.173,-19.477
14991,-20.093,-1.459,-342.230,-20.057
14995,-20.070,2.083,770.667,-19.414
15000,-20.071,-0.489,-564.149,-19.983
15004,-20.078,0.381,189.675,-20.517
15009,-20.076,-0.833,-266.405,-19.784
15013,-20.065,1.472,502.035,-19.852
15017,-20.038,4.457,652.829,-19.725
15022,-20.030,1.404,-667.272,-19.964
15026,-20.009,4.999,783.657,-20.075
15032,-20.014,-0.451,-1195.259,-20.182
15036,-20.024,-0.031,90.719,-20.523
15041,-20.038,-2.222,-483.416,-20.217
15045,-20.029,0.602,612.408,-19.695
15050,-20.013,0.732,28.459,-19.392
15054,-19.996,0.740,1.687,-19.336
15059,-19.994,2.449,380.660,-20.441
15063,-19.988,1.220,-268.812,-19.997
15068,-20.002,-0.657,-409.299,-20.513
15073,-20.004,0.068,158.063,-20.122
15077,-20.002,-0.177,-53.663,-19.885
15082,-19.985,2.511,591.855,-19.704
15086,-19.986,1.732,-169.561,-20.406
